Наименование,Price,Бренд,Гарантия,Тип браслета/ремешка,Тип механизма,Стекло,Материал корпуса,Водозащита,Отображение времени,Будильник
Daniel Klein KW37-4,20900,Daniel Klein,2 года,Полиуретан,,Минеральное,Пластик,WR30,Электронные,True
Q&Q VR19J007Y,7600,,2 года,,Кварцевый,Пластиковое,Пластик,WR100,,False
Q&Q A480J004Y,16900,Q&Q,2 года,,Кварцевый,Минеральное,Нержавеющая сталь,WR30,,False
Q&Q M190J003Y,10300,Q&Q,2 года,,Электронные,Пластиковое,Пластик,WR100,,True
Q&Q QZ82J001Y,18300,Q&Q,2 года,,,Минеральное,Нержавеющая сталь,WR50,,False
Q&Q A480J104Y,11700,Q&Q,2 года,,Кварцевый,Минеральное,Нержавеющая сталь,WR30,,False
Q&Q A478J001Y,18400,,2 года,,Кварцевый,Минеральное,Нержавеющая сталь,WR30,,False
Q&Q A480J205Y,13600,Q&Q,2 года,,Кварцевый,Минеральное,Нержавеющая сталь,WR30,,False
Q&Q VR18J007Y,7600,Q&Q,2 года,,Кварцевый,Минеральное,Пластик,WR100,,False
Q&Q QZ82J212Y,15100,Q&Q,2 года,,Кварцевый,Минеральное,Нержавеющая сталь,WR100,,False
Q&Q QZ60J205Y,16808,Q&Q,2 года,,Кварцевый,Минеральное,Нержавеющая сталь + PVD покрытие,WR30,,False
Sergio Tacchini  ST.1.10091-5,27700,,2 года,,Кварцевый,Минеральное,Нержавеющая сталь,WR50,,False
Daniel Klein KW37-4,20900,Daniel Klein,2 года,Полиуретан,,Минеральное,Пластик,WR30,Электронные,True
Q&Q VR19J007Y,7600,,2 года,,Кварцевый,Пластиковое,Пластик,WR100,,False
Q&Q A480J004Y,16900,Q&Q,2 года,,Кварцевый,Минеральное,Нержавеющая сталь,WR30,,False
Q&Q M190J003Y,10300,Q&Q,2 года,,Электронные,Пластиковое,Пластик,WR100,,True
Q&Q QZ82J001Y,18300,Q&Q,2 года,,,Минеральное,Нержавеющая сталь,WR50,,False
Q&Q A480J104Y,11700,Q&Q,2 года,,Кварцевый,Минеральное,Нержавеющая сталь,WR30,,False
Q&Q A478J001Y,18400,,2 года,,Кварцевый,Минеральное,Нержавеющая сталь,WR30,,False
Q&Q A480J205Y,13600,Q&Q,2 года,,Кварцевый,Минеральное,Нержавеющая сталь,WR30,,False
Q&Q VR18J007Y,7600,Q&Q,2 года,,Кварцевый,Минеральное,Пластик,WR100,,False
Q&Q QZ82J212Y,15100,Q&Q,2 года,,Кварцевый,Минеральное,Нержавеющая сталь,WR100,,False
Q&Q QZ60J205Y,16808,Q&Q,2 года,,Кварцевый,Минеральное,Нержавеющая сталь + PVD покрытие,WR30,,False
Sergio Tacchini  ST.1.10091-5,27700,,2 года,,Кварцевый,Минеральное,Нержавеющая сталь,WR50,,False
Casio MWA-100HD-1AVDF,34700,Casio,2 года,,Кварцевый,Пластиковое,Нержавеющая сталь + пластик,WR100,,False
Casio MTP-SW340D-7AVDF,45100,Casio,1 год + 2 года от BUY TIME 4U (3),,Кварцевый,Минеральное,Нержавеющая сталь,WR50,,False
Casio MTP-E171M-1EVDF,28000,,1 год + 2 года от BUY TIME 4U (3),,Кварцевый,Минеральное,Нержавеющая сталь,WR50,,False
Casio MWA-100H-1AVDF,27200,Casio,1 год + 2 года от BUY TIME 4U (3),,Кварцевый,Пластиковое,Нержавеющая сталь,WR100,,False
Adriatica  A2804.1216Q,92900,Adriatica,0,Кожаный ремень,Кварцевый,Сапфировое,Нержавеющая сталь + PVD покрытие,WR50,,False
Adriatica  A1246.5217Q2,118981,Adriatica,0,,Кварцевый,Минеральное,Нержавеющая сталь,WR50,,False
Adriatica  A1229.2116Q,161255,Adriatica,0,,Кварцевый,Минеральное,Нержавеющая сталь + PVD покрытие,WR30,,False
Casio MQ-1000D-1A2DF,29799,Casio,2 года,,Кварцевый,Минеральное,Нержавеющая сталь,WR30,Аналоговые,False
Casio MTP-1374L-1A2VDF,63916,Casio,0,,Кварцевый,Минеральное,Нержавеющая сталь,WR50,,False
Casio MTP-1374D-1A2VDF,45200,Casio,0,,Кварцевый,Минеральное,Нержавеющая сталь,WR50,,False
Casio MTP-1275SG-9ADF,25890,Casio,0,,Кварцевый,Минеральное,Нержавеющая сталь + PVD покрытие,WR30,,False
Daniel Klein DK.1.12462.1,31725,Daniel Klein,0,,Кварцевый,Минеральное,Нержавеющая сталь,WR50,,False
Daniel Klein DK.1.12509.3,36835,Daniel Klein,0,,Кварцевый,Минеральное,Нержавеющая сталь,WR50,,False
Daniel Klein DK.1.12499.3,23953,Daniel Klein,0,,Кварцевый,Минеральное,Нержавеющая сталь,WR50,,False
Daniel Klein DK.1.12441.3,31480,Daniel Klein,0,,Кварцевый,Минеральное,Нержавеющая сталь,WR50,,False
Casio MRW-220HCM-1BVDF,13600,,2 года,,Кварцевый,Минеральное,,WR100,,False
Daniel Klein DK.1.12399.2,19600,Daniel Klein,0,,,Минеральное,Нержавеющая сталь,,,False
Daniel Klein DK.1.12444.4,15700,Daniel Klein,0,,Кварцевый,Минеральное,Нержавеющая сталь,WR50,,False
Daniel Klein DK.1.12435.3,30991,Daniel Klein,0,,Электронные,Минеральное,Нержавеющая сталь,WR50,,False
Daniel Klein DK.1.12489.1,23700,Daniel Klein,0,,Кварцевый,Минеральное,Нержавеющая сталь,WR30,,False
Pierre Ricaud  P97226.5113Q,29900,Pierre ricaud,0,,Кварцевый,Минеральное,Нержавеющая сталь,WR50,,False
Casio F-200W-1ADF,11300,Casio,2 года,,Электронные,Пластиковое,Пластик,WR50,,False
Q&Q  M122J013Y,19000,Q&Q,0,,Кварцевый,Пластиковое,Пластик,WR100,,False
Casio MRW-210H-7AVDF,22100,Casio,2 года,,,Минеральное,Пластик,WR100,,False
Daniel Klein DK.1.12504.1,20296,Daniel Klein,0,,Кварцевый,Минеральное,Нержавеющая сталь,WR30,,False
Pierre Ricaud  P91038.5114Q,35000,Pierre ricaud,0,,Кварцевый,Минеральное,Нержавеющая сталь,WR30,,False
Daniel Klein DK.1.12437.1,42435,Daniel Klein,0,,,Минеральное,Нержавеющая сталь,,,False
Daniel Klein DK.1.12506.1,25406,Daniel Klein,0,,Кварцевый,Минеральное,Нержавеющая сталь,WR50,,False
Daniel Klein DK.1.12464.3,12900,Daniel Klein,0,,Электронные,,Нержавеющая сталь,,,False
Daniel Klein DK.1.12438.4,41701,Daniel Klein,0,,Кварцевый,Минеральное,Нержавеющая сталь,WR50,,False
Daniel Klein DK.1.12414.1,30501,Daniel Klein,0,,Кварцевый,Минеральное,Нержавеющая сталь,WR50,,False
Daniel Klein DK.1.12408.1,44378,Daniel Klein,0,,Кварцевый,Минеральное,Нержавеющая сталь,WR30,,False
Daniel Klein DK.1.12435.2,27839,Daniel Klein,0,,,,Нержавеющая сталь,,,False
Casio MTP-VT01G-7BUDF,20000,Casio,2 года,,Кварцевый,Минеральное,Нержавеющая сталь,WR30,,False
Daniel Klein DK.1.12476.5,16000,Daniel Klein,0,,Кварцевый,Минеральное,Пластик,WR30,,False
Daniel Klein DW-019MINI-5,23000,Daniel Klein,0,,Кварцевый,,Пластик,,,False
Daniel Klein DK.1.12505.3,15400,Daniel Klein,0,,Кварцевый,Минеральное,Нержавеющая сталь,WR50,,False
Daniel Klein DK.1.12438.6,26900,Daniel Klein,0,,Кварцевый,Минеральное,Нержавеющая сталь,WR50,,False
Daniel Klein DK.1.12509.2,41456,Daniel Klein,0,,Кварцевый,Минеральное,Нержавеющая сталь,WR50,,False
Daniel Klein DK.1.12515.6,27594,Daniel Klein,0,,Кварцевый,Минеральное,Нержавеющая сталь,WR50,,False
Daniel Klein DK.1.12500.2,23463,Daniel Klein,0,,Кварцевый,Минеральное,Нержавеющая сталь,WR50,,False
Casio A700WMG-9ADF,35490,Casio,2 года,,Кварцевый,Минеральное,Нержавеющая сталь,WR50,,True
Casio AQ-S810W-1AVDF,45400,Casio,2 года,,,Минеральное,Пластик,,,False
Daniel Klein DK.1.12420.1,31970,Daniel Klein,0,,Кварцевый,Минеральное,Нержавеющая сталь,WR50,,False
Daniel Klein DK.1.12439.1,27349,Daniel Klein,0,,Кварцевый,Минеральное,Нержавеющая сталь,WR50,,False
Pierre Ricaud  P91038.1113Q,68935,Pierre ricaud,0,,Кварцевый,Минеральное,Нержавеющая сталь,WR30,,False
Casio AQ-S810W-2A2AVDF,35400,,2 года,,,Минеральное,Пластик,WR100,,True
Daniel Klein DK.1.12500.6,24672,Daniel Klein,0,,Кварцевый,Минеральное,Нержавеющая сталь,WR50,,False
Daniel Klein DK.1.12454.6,44623,Daniel Klein,0,,Кварцевый,Минеральное,Нержавеющая сталь,WR50,,False
Daniel Klein DK.1.12441.1,31725,Daniel Klein,0,,Кварцевый,Минеральное,Нержавеющая сталь,WR50,,False
Pierre Ricaud  P91038.5113Q,51248,Pierre ricaud,0,,Кварцевый,Минеральное,Нержавеющая сталь,WR30,,False
Daniel Klein DK.1.12496.5,33928,Daniel Klein,0,,Кварцевый,Минеральное,Нержавеющая сталь,,,False
Daniel Klein DK.1.12447.5,32444,Daniel Klein,0,,Кварцевый,Минеральное,Нержавеющая сталь,WR50,,False
Casio PRT-B50-1ER,114100,,0,,,Минеральное повышенной прочности,Пластик,,,False
Casio W-96H-4AVDF,15000,Casio,2 года,,Электронные,Пластиковое,Пластик,,,False
Daniel Klein DK.1.12507.5,35627,Daniel Klein,0,,Кварцевый,Минеральное,Нержавеющая сталь,WR50,,False
Daniel Klein DK.1.12479.2,23600,Daniel Klein,0,,Кварцевый,Минеральное,Нержавеющая сталь,WR50,,False
Casio W-96H-4A2VDF,15000,Casio,2 года,,Электронные,Пластиковое,Пластик,WR50,,False
Daniel Klein DK.1.12412.1,28803,Daniel Klein,0,,Кварцевый,Минеральное,Нержавеющая сталь,WR50,,False
Casio MW-240-7EVDF,9490,Casio,2 года,Пластиковые и резиновые ремни,Кварцевый,,Пластик,WR50,,False
Daniel Klein DK.1.12496.6,16400,Daniel Klein,0,,,Минеральное,Нержавеющая сталь,WR30,,False
Daniel Klein DK.1.12517.3,20900,Daniel Klein,0,,Кварцевый,Минеральное,Нержавеющая сталь,WR50,,False
Daniel Klein DK.1.12515.1,18400,Daniel Klein,0,,Кварцевый,Минеральное,Нержавеющая сталь,WR50,,False
Pierre Ricaud  P60030.5N15QF,76524,Pierre ricaud,0,,Кварцевый,Минеральное,Нержавеющая сталь,WR50,,False
Daniel Klein DW-019MINI-8,20900,Daniel Klein,0,,,,,,,False
Casio GA-140GM-1A1ER,71290,Casio,2 года,,,Минеральное повышенной прочности,,,,False
Daniel Klein DK.1.12438.2,38778,Daniel Klein,0,,Кварцевый,Минеральное,Нержавеющая сталь,WR50,,False
Q&Q  M123J013Y,19000,Q&Q,0,,Кварцевый,Пластиковое,Пластик,WR100,,False
Daniel Klein DK.1.12504.2,20296,Daniel Klein,0,,Кварцевый,Минеральное,Пластик,WR30,,False
Adriatica  A1113.B214Q,155961,Adriatica,0,,Кварцевый,Минеральное,Нержавеющая сталь,WR30,,False
Daniel Klein DK.1.12444.1,12000,Daniel Klein,0,,Кварцевый,Минеральное,Нержавеющая сталь,WR50,,False
Daniel Klein DK.1.12473.6,26370,Daniel Klein,0,,Кварцевый,Минеральное,Нержавеющая сталь,WR50,,False
Casio W-216H-3BVDF,14200,Casio,2 года,,Электронные,Минеральное,Пластик,WR50,,False
Daniel Klein DK.1.12473.2,24182,Daniel Klein,0,,Кварцевый,Минеральное,Нержавеющая сталь,WR50,,False
Casio W-217HM-9AVEF,11000,,2 года,,Электронные,Минеральное,Пластик,WR50,,True
Daniel Klein DK.1.12499.5,22484,Daniel Klein,0,,Кварцевый,Минеральное,Нержавеющая сталь,WR50,,False
Casio WSC-1250H-1AVDF,27900,Casio,2 года,,,Минеральное,,,,False
Daniel Klein DK.1.12490.4,22239,Daniel Klein,0,,Кварцевый,Минеральное,,WR30,,False
Daniel Klein DK.1.12508.1,23463,Daniel Klein,0,,Кварцевый,Минеральное,Нержавеющая сталь,WR30,,False
Daniel Klein DK.1.12506.3,26615,Daniel Klein,0,,Кварцевый,Минеральное,Нержавеющая сталь,WR30,,False
Daniel Klein DK.1.12442.4,16900,Daniel Klein,0,,Кварцевый,Минеральное,Нержавеющая сталь,WR50,,False
Daniel Klein DK.1.12472.4,41456,Daniel Klein,0,,Кварцевый,Минеральное,Нержавеющая сталь,WR50,,False
Daniel Klein DK.1.12442.2,24182,Daniel Klein,0,,Кварцевый,Минеральное,Нержавеющая сталь,WR50,,False
Daniel Klein DK.1.12449.7,27349,Daniel Klein,0,,Кварцевый,Минеральное,Нержавеющая сталь,WR50,,False
Daniel Klein DK.1.12464.1,10800,Daniel Klein,0,,,Минеральное,Нержавеющая сталь,WR30,,False
Daniel Klein DK.1.12462.3,31236,Daniel Klein,0,,Кварцевый,Минеральное,Нержавеющая сталь,WR30,,False
Casio GMA-S140-8AER,58300,Casio,2 года,,Кварцевый,Минеральное повышенной прочности,Пластик,WR100,,False
Casio LWS-2000H-2AVEF,22400,Casio,2 года,,Кварцевый,Пластиковое,Пластик,WR100,Электронные,True
Q&Q  QB74J512Y,20021,Q&Q,0,,Кварцевый,Минеральное,Нержавеющая сталь + PVD покрытие,WR30,,False
Casio MTP-VD300L-7EUDF,49412,Casio,2 года,Кожаный ремень,Кварцевый,Минеральное,,WR30,Аналоговые,False
Casio MTP-VD01L-8EVUDF,17799,Casio,2 года,Кожаный ремень,Кварцевый,Минеральное,,WR50,Аналоговые,False
Casio MTP-V006G-7BUDF,40706,Casio,2 года,,Кварцевый,Минеральное,Нержавеющая сталь,WR30,Аналоговые,False
Casio AEQ-110W-1AVDF,49045,Casio,2 года,,Кварцевый,Пластиковое,Пластик,WR100,Аналоговые,True
Q&Q QB62J205Y,21306,Q&Q,0,,Кварцевый,Минеральное,Нержавеющая сталь + PVD покрытие,WR50,,False
Q&Q QB62J215Y,21306,Q&Q,0,,Кварцевый,Минеральное,Нержавеющая сталь + PVD покрытие,WR50,,False
Q&Q QC10J301Y,13809,Q&Q,0,Пластиковые и резиновые ремни,Кварцевый,Минеральное,Нержавеющая сталь,WR30,,False
Q&Q QB64J325Y,17879,Q&Q,0,,Кварцевый,Минеральное,Нержавеющая сталь,WR50,,False
Q&Q AA38J402Y,42083,Q&Q,0,,Кварцевый,Минеральное,Нержавеющая сталь,WR50,,False
Lorus R2375MX9,29644,Lorus,0,,,,Пластик,WR100,,False
Casio MTP-V300L-7A2UDF,49764,Casio,2 года,Кожаный ремень,Кварцевый,Минеральное,,WR30,Аналоговые,False
Q&Q QB36J502Y,14666,Q&Q,1 год,Кожаный ремень,Кварцевый,Минеральное,Нержавеющая сталь,WR30,,False
Q&Q AA38J202Y,37815,Q&Q,1 год,Одноцветный браслет,Кварцевый,Минеральное,,WR50,Аналоговые,False
Q&Q QA06J002Y,24090,Q&Q,0,,Кварцевый,Минеральное,Нержавеющая сталь,WR50,,False
Q&Q QA06J102Y,13595,Q&Q,1 год,Кожаный ремень,Кварцевый,Минеральное,Нержавеющая сталь,WR30,Аналоговые,False
Q&Q A470J502Y,23448,Q&Q,0,,Кварцевый,Минеральное,Нержавеющая сталь + PVD покрытие,WR50,,False
Q&Q A470J302Y,22163,Q&Q,1 год,,Кварцевый,Минеральное,Латунь,WR50,Аналоговые,False
Casio LW-200-2BVDF,12990,Casio,2 года,Пластиковые и резиновые ремни,Кварцевый,Пластиковое,Пластик,WR50,Электронные,True
Jacques Lemans 1-2067E,85900,Jacques Lemans,0,,Кварцевый,Пластиковое,Нержавеющая сталь + золотое напыление,WR50,,False
Jacques Lemans 1-1951E,50900,Jacques Lemans,0,,Кварцевый,Минеральное повышенной прочности,Нержавеющая сталь,WR50,,False
Jacques Lemans 1-2068A,63900,Jacques Lemans,0,,Кварцевый,Минеральное,Нержавеющая сталь,WR50,,False
Lorus RH993LX9,29200,Lorus,0,,Кварцевый,Минеральное,Нержавеющая сталь,WR100,,False
Lorus RT399HX9,33300,Lorus,0,,Кварцевый,Минеральное,Пластик,WR100,,False
Jacques Lemans 1-2002E,50900,Jacques Lemans,0,,Кварцевый,Минеральное повышенной прочности,Нержавеющая сталь,WR100,,False
Jacques Lemans 1-1951G,50900,Jacques Lemans,0,,Кварцевый,Минеральное,Нержавеющая сталь,WR50,,False
Pierre Ricaud P60029.5113A,96300,Pierre ricaud,0,,Кварцевый,Сапфировое,Нержавеющая сталь,WR50,,False
Jacques Lemans 1-2073I,95800,Jacques Lemans,0,,Механический с автоподзаводом,Минеральное повышенной прочности,Нержавеющая сталь,WR100,,False
Jacques Lemans 1-1951F,50900,Jacques Lemans,0,,Кварцевый,Минеральное повышенной прочности,Нержавеющая сталь,WR50,,False
Jacques Lemans 1-1862ZA,75900,Jacques Lemans,0,,Кварцевый,Минеральное,Нержавеющая сталь,WR100,,False
Jacques Lemans 1-1936F,70500,Jacques Lemans,0,,Кварцевый,Минеральное,Нержавеющая сталь,WR50,,False
Lorus RH913MX9,20500,Lorus,0,,Кварцевый,Минеральное,Пластик,WR100,,False
Lorus RT301JX9,33300,Lorus,0,,Кварцевый,Минеральное,Пластик,WR100,,False
Jacques Lemans 1-2066E,64700,Jacques Lemans,0,,Кварцевый,Пластиковое,Нержавеющая сталь,WR50,,False
Lorus R3A34AX9,41400,Lorus,0,,Кварцевый,Минеральное,Нержавеющая сталь,WR100,,False
Lorus RT393HX9,43700,Lorus,0,,Кварцевый,Минеральное,Нержавеющая сталь,WR100,,False
Jacques Lemans 1-2068Q,62300,Jacques Lemans,0,,Кварцевый,Минеральное,Нержавеющая сталь,WR50,,False
Jacques Lemans 1-1936B,65900,Jacques Lemans,0,,Кварцевый,Минеральное повышенной прочности,Нержавеющая сталь,WR50,,False
Jacques Lemans 1-2073B,78200,Jacques Lemans,0,,Механический с автоподзаводом,Минеральное повышенной прочности,Нержавеющая сталь,WR100,,False
Pierre Ricaud P22110.5164QF,66410,Pierre ricaud,2 года,Одноцветный браслет,Кварцевый,Минеральное,Нержавеющая сталь,WR30,Аналоговые,False
Pierre Ricaud P97228.1211Q,28200,Pierre ricaud,0,,Кварцевый,Минеральное,Нержавеющая сталь + IP покрытие,WR30,,False
Pierre Ricaud P91022.1B21Q,39300,Pierre ricaud,0,,Кварцевый,Сапфировое,Нержавеющая сталь + PVD покрытие,WR30,,False
Pierre Ricaud P60014.5213QF,116931,Pierre ricaud,0,,Кварцевый,Минеральное,Нержавеющая сталь,WR50,,False
Lorus RM320GX9,48100,Lorus,1 год,Кожаный ремень,Кварцевый,Минеральное,Нержавеющая сталь,WR100,Аналоговые,False
Adriatica A1191.R214CHN,150000,Adriatica,0,,Кварцевый,Сапфировое,Нержавеющая сталь + PVD покрытие,WR50,,False
Lorus RH929LX9,33500,Lorus,0,,Кварцевый,Минеральное,Нержавеющая сталь,WR100,,False
Casio AE-1000W-4BVDF,30318,Casio,2 года,Пластиковые и резиновые ремни,Кварцевый,Пластиковое,Пластик,WR100,Электронные,True
Jacques Lemans 1-1951H,50900,Jacques Lemans,0,,Кварцевый,Минеральное повышенной прочности,Нержавеющая сталь,WR50,,False
Jacques Lemans 1-1951B,49900,Jacques Lemans,0,,Кварцевый,Минеральное повышенной прочности,Нержавеющая сталь,WR50,,False
Jacques Lemans 1-2068E,82300,Jacques Lemans,2 года,Кожаный ремень,Кварцевый,Минеральное,Нержавеющая сталь + PVD покрытие,WR50,Аналоговые,False
Casio MTP-V300L-9AUDF,49764,Casio,2 года,Кожаный ремень,Кварцевый,Минеральное,Нержавеющая сталь,WR100,Аналоговые,False
Orient RA-KV0405S10B,90100,Orient,1 год,,Кварцевый,Минеральное,Нержавеющая сталь,WR50,Аналоговые,False
Orient FAB00005W9,40650,Orient,1 год,,Механический с автоподзаводом,Минеральное повышенной прочности,Нержавеющая сталь,,,False
Orient RF-QD0005L10B,70495,Orient,1 год,,Кварцевый,Минеральное,Нержавеющая сталь,WR30,Аналоговые,False
Orient RF-QD0001S10B,56600,Orient,1 год,Кожаный ремень,Кварцевый,,Нержавеющая сталь,WR30,Аналоговые,False
Orient RA-AK0402E10B,123600,Orient,1 год,,Механический с автоподзаводом,Минеральное,Нержавеющая сталь,WR100,Аналоговые,False
Orient FAB00006C9,42700,Orient,1 год,,Механический с автоподзаводом,Минеральное,Нержавеющая сталь,WR30,Аналоговые,False
Daniel Klein DK.1.12390-1,24259,,1 год,,Кварцевый,Минеральное,Латунь,,Аналоговые,False
Daniel Klein DK.1.12383-3,18300,Daniel Klein,1 год,,Кварцевый,Минеральное,,WR30,Электронные,False
Daniel Klein DK.1.12374-5,26890,Daniel Klein,1 год,Кожаный ремень,Кварцевый,Минеральное,Латунь,WR50,Аналоговые,False
Daniel Klein DK.1.12360-1,28084,Daniel Klein,1 год,Кожаный ремень,Кварцевый,Минеральное,Нержавеющая сталь,WR50,Аналоговые,False
Daniel Klein DK.1.12336-6,27365,Daniel Klein,1 год,,Кварцевый,Минеральное,,WR50,Аналоговые,False
Daniel Klein DK.1.12335-5,30348,Daniel Klein,1 год,Кожаный ремень,Кварцевый,Минеральное,,WR50,Аналоговые,False
Daniel Klein DK.1.12335-3,29185,Daniel Klein,0,Каучуковый ремень,Кварцевый,Минеральное,Латунь,WR50,Аналоговые,False
Daniel Klein DK.1.12334-1,28023,Daniel Klein,1 год,,Кварцевый,Минеральное,,WR50,Электронные,False
Daniel Klein DK.1.12329-4,48494,Daniel Klein,1 год,,Электронные,Минеральное,,WR30,Аналоговые,False
Daniel Klein DK.1.12329-3,30000,Daniel Klein,1 год,,Электронные,Минеральное,Нержавеющая сталь,WR50,Аналоговые,False
Daniel Klein DK.1.12323-5,14800,Daniel Klein,1 год,,Кварцевый,Минеральное,,WR30,Электронные,False
Daniel Klein DK.1.12323-1,15000,Daniel Klein,1 год,,Электронные,Минеральное,Нержавеющая сталь,WR30,Электронные,False
Daniel Klein DK.1.12322-6,17000,Daniel Klein,1 год,,Электронные,Минеральное,Нержавеющая сталь,WR30,Электронные,False
Daniel Klein DK.1.12322-1,15200,Daniel Klein,1 год,,Кварцевый,Минеральное,Нержавеющая сталь,WR30,Аналоговые,False
Daniel Klein DK.1.12318-1,18800,Daniel Klein,1 год,,Кварцевый,Минеральное,Нержавеющая сталь,WR30,Аналоговые,False
Daniel Klein DK.1.12296-6,30119,Daniel Klein,1 год,,Кварцевый,Минеральное,Нержавеющая сталь,WR50,Аналоговые,False
Daniel Klein DK.1.12275-4,20112,Daniel Klein,1 год,,Кварцевый,Минеральное,Пластик,WR30,Аналоговые,False
Daniel Klein DK.1.12274-6,25400,Daniel Klein,1 год,,Кварцевый,Минеральное,Нержавеющая сталь,WR30,Электронные,False
Daniel Klein DK.1.12273-1,13700,Daniel Klein,1 год,,Электронные,Минеральное,Нержавеющая сталь,WR30,,False
Daniel Klein DK.1.12265-5,22000,Daniel Klein,1 год,,Кварцевый,Минеральное,Латунь,WR50,Аналоговые,False
Daniel Klein DK.1.12265-1,29507,Daniel Klein,1 год,,Кварцевый,Минеральное,Нержавеющая сталь,WR50,Аналоговые,False
Adriatica  A7705.5322Q,78600,Adriatica,2 года,,Кварцевый,Минеральное,Нержавеющая сталь,WR30,,False
Lorus RH922LX9,59600,Lorus,1 год,,Кварцевый,Минеральное,Нержавеющая сталь,WR100,Аналоговые,False
Adriatica A1243.5123Q,82900,Adriatica,2 года,,Кварцевый,,Нержавеющая сталь,WR50,Аналоговые,False
Orient RF-QD0008S10B,48600,Orient,1 год,Кожаный ремень,Кварцевый,Минеральное,Нержавеющая сталь,WR30,Аналоговые,False
Adriatica A1246.5217Q,118981,Adriatica,2 года,Кожаный ремень,Кварцевый,Минеральное,Нержавеющая сталь,WR50,Аналоговые,False
Adriatica A8308.5225CH,193000,Adriatica,2 года,,Кварцевый,Сапфировое,Нержавеющая сталь + IP покрытие,WR50,,False
Adriatica A3143.52B3Q,60000,Adriatica,2 года,Кожаный ремень,Кварцевый,Минеральное,Нержавеющая сталь,WR50,Аналоговые,False
Lorus RM385FX9,40400,Lorus,1 год,Кожаный ремень,,Минеральное,Нержавеющая сталь,WR50,Аналоговые,False
Casio  AMW-840-7AVDF,40990,Casio,2 года,Пластиковые и резиновые ремни,Кварцевый,Минеральное,Нержавеющая сталь,WR50,Аналоговые,False
Casio  AE-3000WD-1AVDF,53421,Casio,2 года,,Кварцевый,Пластиковое,Нержавеющая сталь,WR100,Электронные,False
Casio  WS-2000H-1AVDF,25300,Casio,2 года,Пластиковые и резиновые ремни,Кварцевый,Пластиковое,Пластик,WR100,Электронные,True
Casio  A700WG-9ADF,30000,Casio,2 года,,Кварцевый,Минеральное,Нержавеющая сталь + золотое напыление,WR30,Электронные,True
Casio  W-753-3AVDF,16000,Casio,2 года,Каучуковый ремень,Кварцевый,Пластиковое,Нержавеющая сталь + пластик,WR100,Электронные,True
Orient RA-AK0603S10B,136400,Orient,1 год,,Механический с автоподзаводом,Минеральное,Нержавеющая сталь,WR100,Аналоговые,False
Orient RA-QC1701L10B,68700,Orient,1 год,,Кварцевый,Минеральное,Нержавеющая сталь,WR50,Аналоговые,False
Orient RA-AK0403N10B,105800,Orient,1 год,,Механический с автоподзаводом,Минеральное,,WR50,Аналоговые,False
Sergio Tacchini ST.1.10031.3,29300,,0,,Кварцевый,Минеральное,Нержавеющая сталь,WR50,,False
Sergio Tacchini ST.1.10031.1,27800,,0,,Кварцевый,Минеральное,Нержавеющая сталь,WR30,,False
Pierre Ricaud P60014.2213QF,116916,Pierre ricaud,2 года,,Кварцевый,Минеральное,Нержавеющая сталь + PVD покрытие,WR50,,False
Lorus RT307HX9,80777,Lorus,1 год,,Кварцевый,Минеральное,Нержавеющая сталь,WR100,,False
Lorus R2375LX9,28007,Lorus,1 год,Полиуретан,Кварцевый,Минеральное,Пластик,WR100,,False
Jacques Lemans 1-1951A,50900,Jacques Lemans,2 года,,Кварцевый,Минеральное,Нержавеющая сталь,WR50,,False
Jacques Lemans 1-2041B,146674,Jacques Lemans,2 года,,Кварцевый,Минеральное повышенной прочности,Нержавеющая сталь,WR100,,False
Daniel Klein DK12217-3,34051,Daniel Klein,1 год,,Кварцевый,Минеральное,Латунь,WR30,Аналоговые,False
Daniel Klein DK12166-3,28788,Daniel Klein,1 год,,Кварцевый,Минеральное,Нержавеющая сталь,WR30,Аналоговые,False
Daniel Klein DK12209-1,13800,Daniel Klein,1 год,,Электронные,Минеральное,Нержавеющая сталь,WR30,Электронные,False
Daniel Klein DK12217-2,34418,Daniel Klein,1 год,,Кварцевый,Минеральное,Нержавеющая сталь,WR50,Аналоговые,False
Daniel Klein DK12172-1,28329,,0,,Кварцевый,Минеральное,,WR30,Аналоговые,False
Daniel Klein DK12253-6,32444,Daniel Klein,1 год,,Электронные,Минеральное повышенной прочности,,WR30,,False
Daniel Klein DK12231-1,27365,Daniel Klein,1 год,,Кварцевый,Минеральное,Нержавеющая сталь,WR50,Аналоговые,False
Daniel Klein DK12209-3,15600,Daniel Klein,1 год,,Электронные,Минеральное,,WR30,,False
Daniel Klein DK12166-2,27778,Daniel Klein,1 год,,Кварцевый,Минеральное,Латунь,WR50,Аналоговые,False
Daniel Klein DK12167-4,24810,Daniel Klein,1 год,,Кварцевый,Минеральное,Латунь,WR50,Аналоговые,False
Daniel Klein DK12096-1,33959,Daniel Klein,1 год,,Кварцевый,Минеральное,Нержавеющая сталь,WR30,Электронные,False
Daniel Klein DK12230-1,34051,Daniel Klein,1 год,,Кварцевый,Минеральное,,WR50,Аналоговые,False
Daniel Klein DK12227-6,30471,Daniel Klein,1 год,,Кварцевый,Минеральное,,WR50,,False
Daniel Klein DK12244-4,26171,Daniel Klein,1 год,,Кварцевый,Минеральное,Латунь,WR50,Аналоговые,False
Daniel Klein DK12170-3,33347,Daniel Klein,1 год,,Кварцевый,Минеральное,,WR30,,False
Daniel Klein DK12231-5,27120,Daniel Klein,1 год,,Кварцевый,Минеральное,Нержавеющая сталь,WR30,Аналоговые,False
Daniel Klein DK12242-4,16000,Festina,1 год,,Кварцевый,Минеральное,,WR30,,False
Daniel Klein DK12166-6,15000,Daniel Klein,1 год,,,Минеральное,Нержавеющая сталь,WR50,,False
Daniel Klein DK12229-5,35489,Daniel Klein,1 год,,Кварцевый,Минеральное,Нержавеющая сталь,WR30,Аналоговые,False
Daniel Klein DK12170-5,35244,Daniel Klein,1 год,,Кварцевый,Минеральное,,WR50,,False
Daniel Klein DK12219-4,35091,Daniel Klein,1 год,,Кварцевый,Минеральное,Нержавеющая сталь,WR30,Аналоговые,False
Daniel Klein DK12244-2,34739,Daniel Klein,1 год,,Кварцевый,,Нержавеющая сталь,WR30,Аналоговые,False
Daniel Klein DK12234-1,27089,Daniel Klein,1 год,,,Минеральное,Нержавеющая сталь,WR50,,False
Daniel Klein DK12173-5,45296,Daniel Klein,1 год,,Кварцевый,Минеральное,Латунь,WR50,,False
Daniel Klein DK12232-4,12000,Daniel Klein,1 год,Кожаный ремень,Кварцевый,Минеральное,Латунь,WR50,Аналоговые,False
Casio AE-1100W-1BVDF,33622,Casio,2 года,Каучуковый ремень,Кварцевый,Пластиковое,Пластик,WR100,Электронные,True
Casio MTP-V300D-1A2UDF,26990,Casio,1 год,,Кварцевый,Минеральное,Нержавеющая сталь + IP покрытие,WR30,Аналоговые,False
Q&Q M123J011Y,19378,Q&Q,0,,Кварцевый,Минеральное,Нержавеющая сталь,WR100,,False
Q&Q QB86J512Y,18093,Q&Q,0,,Кварцевый,Минеральное,,WR50,,False
Q&Q QB74J402Y,26875,Q&Q,0,,Кварцевый,Минеральное,Нержавеющая сталь + PVD покрытие,WR30,,False
Orient RA-AK0604B10B,136400,Orient,1 год,Каучуковый ремень,,,Нержавеющая сталь,,,False
Orient RA-AK0602B10B,136400,Orient,1 год,,Механический с автоподзаводом,Минеральное повышенной прочности,Нержавеющая сталь,WR100,,False
Orient RA-KV0404B10B,90100,Orient,1 год,,Кварцевый хронограф,Минеральное повышенной прочности,Нержавеющая сталь,WR50,,False
Orient RF-QA0001S10B,56600,Orient,1 год,,Кварцевый,Минеральное,Нержавеющая сталь,WR30,,False
Orient RF-QD0007B10B,56600,Orient,1 год,,Кварцевый,Минеральное,Нержавеющая сталь,WR30,,False
Orient RA-AK0601L10B,145900,Orient,1 год,,Кварцевый,Минеральное повышенной прочности,Нержавеющая сталь,WR100,,False
Orient RA-AA0008B19B,148300,Orient,1 год,,Механический с автоподзаводом,Минеральное повышенной прочности,Нержавеющая сталь,WR200,,False
Orient RA-KV0402S10B,88600,Orient,1 год,,Кварцевый хронограф,Минеральное,Нержавеющая сталь,WR50,,False
PIERRE RICAUD P22035.5144Q,35000,Pierre ricaud,2 года,,Кварцевый,Минеральное,Нержавеющая сталь + PVD покрытие,WR30,,False
Orient RF-QD0006S10B,70495,Orient,1 год,,Кварцевый,Минеральное,Нержавеющая сталь,WR30,,False
Orient RF-QD0004B10B,48600,Orient,1 год,,Кварцевый,Минеральное,Нержавеющая сталь,WR30,,False
Orient RF-QD0003G10B,56600,Orient,1 год,,Кварцевый,Сапфировое,Нержавеющая сталь,WR30,Аналоговые,False
Orient RF-QD0002B10B,56600,,1 год,,Кварцевый,Минеральное,Нержавеющая сталь,WR50,,False
Casio AQ-230A-1DMQ,19300,Casio,2 года,,Кварцевый,Пластиковое,Пластик,WR30,,True
Casio AEQ-100W-1AVDF,47897,Casio,2 года,Пластиковые и резиновые ремни,Кварцевый,Пластиковое,Пластик,WR100,Аналогово-цифровые,True
Casio AEQ-100BW-9AVDF,53696,Casio,2 года,Пластиковые и резиновые ремни,Кварцевый,Пластиковое,Пластик,WR100,Аналогово-цифровые,True
Casio MTP-V005L-7B2UDF,14500,Casio,0,Кожаный ремень,Кварцевый,Минеральное,Нержавеющая сталь + золотое напыление,WR30,Аналоговые,False
Q&Q VS26J001Y,10596,Q&Q,1 год,,Кварцевый,Минеральное,Нержавеющая сталь + пластик,WR100,,False
Q&Q QB70J402Y,26875,Q&Q,1 год,,Кварцевый,Минеральное,Латунь,WR50,,False
Q&Q QB70J001Y,16100,Q&Q,1 год,,Кварцевый,Минеральное,Латунь,WR50,,False
Q&Q QB66J201Y,19806,Q&Q,1 год,,Кварцевый,Минеральное,Латунь,WR50,,False
Q&Q QB66J002Y,16100,Q&Q,1 год,,Кварцевый,Минеральное,Латунь,WR50,,False
Q&Q QB64J505Y,18307,Q&Q,0,,Кварцевый,Минеральное,Латунь,WR50,,False
Q&Q QB64J305Y,17236,Q&Q,1 год,,Кварцевый,Минеральное,Латунь,WR50,,False
Q&Q QB64J202Y,20235,Q&Q,1 год,,Кварцевый,Минеральное,Нержавеющая сталь,WR50,,False
Q&Q QB64J201Y,20235,Q&Q,1 год,,Кварцевый,Минеральное,Латунь,WR50,,False
Q&Q QB14J202Y,15700,Q&Q,1 год,,Кварцевый,Минеральное,Латунь,WR30,,False
Q&Q QB12J405Y,21948,Q&Q,1 год,,Кварцевый,Минеральное,Латунь,WR50,,False
Q&Q QB06J501Y,12000,Q&Q,1 год,,Кварцевый,Минеральное,Латунь,WR50,,False
Q&Q QB06J402Y,21948,Q&Q,1 год,,Кварцевый,Минеральное,Нержавеющая сталь,WR50,,False
Q&Q QB06J302Y,14451,Q&Q,1 год,,Кварцевый,Минеральное,Латунь,WR50,,False
Q&Q QB06J212Y,18093,Q&Q,1 год,Одноцветный браслет,Кварцевый,Минеральное,Латунь,WR50,Аналоговые,False
Q&Q QB06J202Y,18751,Q&Q,1 год,,Кварцевый,Минеральное,Латунь,WR50,,False
Q&Q QB06J201Y,18751,Q&Q,1 год,,Кварцевый,Минеральное,Нержавеющая сталь,WR50,,False
Q&Q QA21J002Y,16300,Q&Q,1 год,,Кварцевый,Минеральное,Латунь,WR30,,False
Q&Q QA20J432Y,22163,Q&Q,1 год,,Кварцевый,Минеральное,Нержавеющая сталь,WR30,,False
Q&Q QA20J231Y,18093,Q&Q,1 год,,Кварцевый,Минеральное,Нержавеющая сталь,WR30,,False
Q&Q QA20J101Y,14666,Q&Q,1 год,,Кварцевый,Минеральное,Латунь,WR30,,False
Q&Q QA20J054Y,21964,Q&Q,1 год,,Кварцевый,Минеральное,Латунь,WR30,,False
Q&Q QA20J012Y,21306,Q&Q,1 год,,Кварцевый,Минеральное,Латунь,WR30,,False
Q&Q QA20J002Y,21964,Q&Q,1 год,,Кварцевый,Минеральное,Латунь,WR30,,False
Q&Q M190J002Y,14451,Q&Q,1 год,Каучуковый ремень,Электронные,Минеральное,Пластик,WR50,,False
Q&Q M189J002Y,15094,Q&Q,1 год,,Кварцевый,Минеральное,Пластик,WR1000,,False
Q&Q CE02J532Y,41441,Q&Q,1 год,,Кварцевый,Минеральное,Латунь,WR50,,False
Q&Q A419J222Y,19393,Q&Q,1 год,,Кварцевый,Минеральное,Латунь,WR30,,False
Q&Q A210J205Y,23234,Q&Q,1 год,,Кварцевый,Минеральное,Латунь,WR50,,False
Q&Q A172J332Y,18950,Q&Q,1 год,,Кварцевый,Минеральное,Латунь,WR50,,False
Q&Q A172J112Y,14200,Q&Q,1 год,,,Минеральное,,WR50,,False
Pierre Ricaud P97206.5113CH,90401,Pierre ricaud,2 года,,Кварцевый,Минеральное,Нержавеющая сталь,WR30,,False
Pierre Ricaud P91077.5113Q,62616,Pierre ricaud,2 года,,Кварцевый,Минеральное,Нержавеющая сталь,WR30,,False
Pierre Ricaud P60024.5156QF,109357,Pierre ricaud,2 года,,Кварцевый,Минеральное,Нержавеющая сталь,WR30,,False
Pierre Ricaud P60022.5116Q,43500,Pierre ricaud,2 года,,Кварцевый,Минеральное,Нержавеющая сталь,WR50,,False
Orient RA-SP0004L10B,43400,Orient,1 год,,Кварцевый,Минеральное,Нержавеющая сталь,WR50,,False
Orient RA-SP0001B10B,50000,Orient,1 год,,Кварцевый,Минеральное,Нержавеющая сталь,WR50,,False
Orient RA-KV0303B10B,79800,Orient,1 год,,Кварцевый,Минеральное,Нержавеющая сталь,WR50,,False
Orient RA-KV0302S10B,66700,Orient,1 год,,Кварцевый,Минеральное,Нержавеющая сталь,WR50,,False
Orient RA-KV0301L10B,57300,Orient,1 год,,Кварцевый хронограф,Минеральное,Нержавеющая сталь,WR50,Аналоговые,False
Orient RA-AA0C05L19B,90100,Orient,1 год,,Механический с автоподзаводом,Минеральное,Нержавеющая сталь,WR50,,False
Casio W-756-1AVDF,18499,,2 года,,Кварцевый,Минеральное,Пластик,WR100,Электронные,True
Casio MTP-VT01L-7B2UDF,32582,Casio,2 года,,Кварцевый,Минеральное,Нержавеющая сталь,WR30,Аналоговые,False
Casio  LW-203-2AVDF,12990,Casio,2 года,,Кварцевый,Пластиковое,Пластик,WR50,Электронные,False
Casio  LW-203-1AVDF,11000,Casio,2 года,,Кварцевый,Пластиковое,Пластик,WR50,Электронные,False
Casio  MTP-1253SG-9ADF,22490,Casio,2 года,,Кварцевый,Минеральное,Нержавеющая сталь,WR30,Аналоговые,False
Casio MQ-24M-1EDF,17900,Casio,2 года,,Кварцевый,Пластиковое,Пластик,WR30,Аналоговые,False
Orient RA-AB0031G19B,47700,Orient,1 год,,,Минеральное,Нержавеющая сталь + PVD покрытие,WR50,,False
Daniel Klein DK12161-5,13000,Daniel Klein,1 год,Кожаный ремень,Кварцевый,Минеральное,Латунь,WR50,Аналоговые,False
Daniel Klein DK12157-5,21597,Daniel Klein,1 год,Кожаный ремень,Кварцевый,Минеральное,Латунь,WR50,Аналоговые,False
Daniel Klein DK12157-1,20694,Daniel Klein,1 год,Кожаный ремень,Кварцевый,Минеральное,Латунь,WR50,Аналоговые,False
Daniel Klein DK12155-5,25483,Daniel Klein,1 год,Кожаный ремень,Кварцевый,Минеральное,Латунь,WR50,Аналоговые,False
Daniel Klein DK12153-5,16600,Daniel Klein,1 год,,Кварцевый,Минеральное,Латунь,WR50,,False
Daniel Klein DK12121-3,17600,Daniel Klein,1 год,Кожаный ремень,Кварцевый,Минеральное,Латунь,WR50,Аналоговые,False
Daniel Klein DK12115-3,21138,Daniel Klein,1 год,,,Минеральное,Латунь,WR50,,False
Daniel Klein DK12113-1,30516,Daniel Klein,1 год,,Кварцевый,Минеральное,Нержавеющая сталь,WR50,,False
Daniel Klein DK12096-5,22900,Daniel Klein,1 год,,Кварцевый,Минеральное,Латунь,WR30,,False
Daniel Klein DK11769-6,26401,Daniel Klein,1 год,,Кварцевый,Минеральное,Латунь,WR50,,False
Daniel Klein DK11651-4,27778,Daniel Klein,1 год,,Кварцевый,Минеральное,Латунь,WR30,,False
Casio LTP-V005GL-9BUDF,15000,Casio,2 года,,Кварцевый,Минеральное,Нержавеющая сталь + золотое напыление,WR30,,False
Casio SGW-600H-9ADR,91150,Casio,2 года,,Электронные,Пластиковое,Пластик,WR100,,True
Casio PRG-240-1SDR,110900,,2 года,Пластиковые и резиновые ремни,Электронные,Минеральное,Пластик,WR100,Электронные,True
Casio  WS-2000H-4AVDF,50835,,2 года,,,Пластиковое,Пластик,WR100,Электронные,True
Casio  WS-1000H-3AVDF,14990,Casio,2 года,,Кварцевый,Пластиковое,,WR100,,False
Casio  AE-2000W-9AVDF,45618,,2 года,,Кварцевый,Минеральное,Пластик,,,True
Q&Q QA20J252Y,13700,Q&Q,1 год,,Кварцевый,Минеральное,Латунь,WR30,,False
Q&Q QA20J242Y,13000,Q&Q,1 год,,Кварцевый,Минеральное,Латунь,WR30,,False
Q&Q QA20J011Y,23035,Q&Q,1 год,,Кварцевый,Минеральное,Латунь,WR30,,False
Q&Q QA20J004Y,23035,Q&Q,1 год,,Кварцевый,Минеральное,Латунь,WR30,,False
Q&Q A466J222Y,18735,Q&Q,1 год,,Кварцевый,,Нержавеющая сталь,WR50,,False
Q&Q A466J001Y,23433,Q&Q,1 год,,Кварцевый,,Нержавеющая сталь + IP покрытие,WR50,,False
Orient RA-AB0012S19B,52500,Orient,1 год,,,Минеральное,Нержавеющая сталь + IP покрытие,,,False
Casio A168WEC-3DF,19074,,2 года,,Кварцевый,Минеральное,Нержавеющая сталь,,Электронные,True
Pierre Ricaud P91091.1114Q,58821,Pierre ricaud,2 года,,Кварцевый,Минеральное,Нержавеющая сталь + IP покрытие,WR30,,False
Pierre Ricaud P91028.1223Q,39300,Pierre ricaud,0,,Кварцевый,Сапфировое,Нержавеющая сталь + IP покрытие,WR30,,False
Pierre Ricaud P60021.5156Q,48600,Pierre ricaud,2 года,Одноцветный браслет,Кварцевый,Сапфировое,Нержавеющая сталь,WR50,Аналоговые,False
Pierre Ricaud P60020.B2R7QF,61100,Pierre ricaud,2 года,Кожаный ремень,Кварцевый,Минеральное,Нержавеющая сталь,WR50,Аналоговые,False
Q&Q M173J013Y,13396,Q&Q,1 год,,Кварцевый,Пластиковое,Пластик,WR50,Электронные,True
Q&Q QB32J311Y,16165,Q&Q,1 год,Кожаный ремень,Кварцевый,Минеральное,Нержавеющая сталь,WR30,Аналоговые,False
Q&Q QB32J301Y,16165,Q&Q,1 год,,Кварцевый,Минеральное,Нержавеющая сталь,WR30,Аналоговые,False
Q&Q QB30J103Y,12738,Q&Q,1 год,,Кварцевый,Минеральное,Нержавеющая сталь,WR30,Аналоговые,False
Q&Q QB28J315Y,14451,Q&Q,1 год,,Кварцевый,Минеральное,Латунь,WR30,Аналоговые,False
Q&Q QB10J405Y,21306,,0,,,,,,,False
Q&Q QA20J508Y,13166,Q&Q,0,,Кварцевый,Минеральное,Нержавеющая сталь,WR30,,False
Q&Q QA20J307Y,12738,Q&Q,0,,Кварцевый,Минеральное,Нержавеющая сталь,WR30,,False
Q&Q QA20J107Y,7400,Q&Q,0,,Кварцевый,Минеральное,Латунь,WR30,,False
Q&Q Q892J432Y,18950,,0,,Кварцевый,Минеральное,Нержавеющая сталь,,,False
Q&Q Q892J422Y,18950,,0,,Кварцевый,Минеральное,Нержавеющая сталь,,,False
Q&Q Q892J412Y,16000,,0,,Кварцевый,Минеральное,Нержавеющая сталь,,,False
Q&Q Q860J311Y,12738,,0,Кожаный ремень,Кварцевый,Минеральное,Латунь,,,False
Q&Q M173J008Y,13396,Q&Q,1 год,,Электронные,Минеральное,Пластик,WR30,Электронные,True
Casio  A159WGED-1DF,38400,Casio,2 года,,Кварцевый,Минеральное,Нержавеющая сталь,WR30,Электронные,False
Casio MTP-X300G-7EVDF,59900,,2 года,,Кварцевый,Минеральное,Нержавеющая сталь,WR50,,False
Casio AE-1100W-1AVSDF,35535,Casio,2 года,,Кварцевый,Пластиковое,Пластик,WR100,,False
Casio MW-240-1BVDF,9400,Casio,2 года,Пластиковые и резиновые ремни,Кварцевый,Пластиковое,Пластик,WR50,Аналоговые,False
Casio AW-48HE-9AVDF,23494,Casio,2 года,Пластиковые и резиновые ремни,Кварцевый,Пластиковое,Пластик,WR50,,False
Casio DB-36-9AVSDF,19000,Casio,2 года,,,Пластиковое,Пластик,WR50,,True
Casio STR-300C-1,18000,Casio,0,,Кварцевый,Пластиковое,Пластик,WR50,,False
CASIO W-213-1AVES,14490,Casio,0,Пластиковые и резиновые ремни,Кварцевый,,Пластик,WR50,Электронные,True
Casio PRG-600-1DR,274568,Casio,2 года,,Кварцевый,Минеральное повышенной прочности,Нержавеющая сталь + пластик,WR100,Аналогово-цифровые,True
CASIO AE-1000W-1A3VDF,14900,Casio,1 год,Пластиковые и резиновые ремни,Кварцевый,Пластиковое,Пластик,Водозащитные,Электронные,True
Casio MTP-V300L-7AUDF,23999,Casio,2 года,Кожаный ремень,Кварцевый,Минеральное,Латунь,WR30,,False
Casio MTP-V300GL-9AUDF,24900,Casio,2 года,,Кварцевый,Минеральное,Нержавеющая сталь + PVD покрытие,WR30,Аналоговые,False
Casio AEQ-200W-1AVDF,70312,Casio,0,,Кварцевый,Пластиковое,Пластик,WR100,,False
CASIO LW-201-1AVDF,10500,Casio,2 года,,Электронные,Пластиковое,Пластик,WR50,,True
Casio new SGW-100-1VDF,86729,Casio,2 года,Каучуковый ремень,,Минеральное,Нержавеющая сталь + пластик,WR200,Электронные,True
CASIO HDD-600G-9AVDF,15790,Casio,2 года,,Электронные,Минеральное,Пластик,WR100,,True
CASIO A500WGA-1DF,30900,,2 года,,Кварцевый,Минеральное повышенной прочности,Нержавеющая сталь,WR30,,True
CASIO GA-110-1A,62100,Casio,0,,Кварцевый,Минеральное,Пластик,WR200,,False
CASIO AE-1300WH-1A2VDF,15000,Casio,2 года,Пластиковые и резиновые ремни,Электронные,Минеральное,Пластик,WR100,,True
Casio DB-36-9AVDF,15100,Casio,0,,Электронные,Пластиковое,Пластик,WR30,,False
Casio AE-1200WHD-1AVDF,42343,,2 года,,,,Пластик,WR100,,True
Casio W-96H-2AVDF,27992,,2 года,Пластиковые и резиновые ремни,Электронные,Пластиковое,Пластик,WR50,Электронные,True
CASIO MTP-1129N-7ARDF,22198,Casio,2 года,Одноцветный браслет,Кварцевый,Минеральное,Нержавеющая сталь,WR30,Аналоговые,False
Casio MTP-1094Q-7B1,15990,Casio,0,,Кварцевый,Минеральное,Нержавеющая сталь,WR30,,False
Casio F-91W-3SDG,15721,Casio,2 года,,Электронные,Пластиковое,Пластик,WR100,,False
Casio AQ-180W-7BVDF,45725,Casio,2 года,Каучуковый ремень,Кварцевый,Минеральное,Нержавеющая сталь,WR50,Аналогово-цифровые,True
CASIO AE-2000W-1AVDF,45618,Casio,2 года,,,,Пластик,WR200,Аналогово-цифровые,True
Casio AE-1100W-1AVDF,33622,Casio,2 года,Каучуковый ремень,Электронные,Минеральное,Пластик,WR100,Электронные,False
Jacques Lemans 1-2002I,37200,Jacques Lemans,2 года,,,Минеральное повышенной прочности,Нержавеющая сталь,,,False
Jacques Lemans 1-2002A,40700,,0,,,,,,,False
Jacques Lemans 1-1850I,127365,Jacques Lemans,2 года,Кожаный ремень,Кварцевый,Минеральное,Нержавеющая сталь + IP покрытие,WR50,Аналоговые,False
Pierre Ricaud P97224.B2R4QF,89146,Pierre ricaud,2 года,Кожаный ремень,Кварцевый,Минеральное,Нержавеющая сталь,WR100,Аналоговые,False
FUNG7003W0,58200,Orient,1 год,Кожаный ремень,Кварцевый,Минеральное,Нержавеющая сталь + PVD покрытие,WR30,Аналогово-цифровые,False
Lorus RT397GX9,37700,,0,,,,,,,False
Lorus RN431AX9,61881,Lorus,1 год,Кожаный ремень,Кварцевый,Минеральное,Нержавеющая сталь,WR50,Аналоговые,False
Lorus RM303EX9,49400,Lorus,0,,Кварцевый,Минеральное,Нержавеющая сталь,WR100,,False
Casio MTP-SW320RL-7AVDF,64500,Casio,2 года,,,,,,,False
Casio MTP-SW320RG-2AVDF,71800,,2 года,,,,,,,False
Casio MTP-E145L-5B2DF,29400,Casio,2 года,Кожаный ремень,Кварцевый,,,,,False
Casio MTP-E145L-5B1DF,29400,Casio,2 года,Кожаный ремень,Кварцевый,Минеральное,Нержавеющая сталь,WR30,Аналоговые,False
Casio MTP-E145L-1BDF,29300,Casio,2 года,Кожаный ремень,Кварцевый,Минеральное,Латунь,WR30,Аналоговые,False
Casio MTP-E145D-5B2DF,30799,Casio,2 года,,Кварцевый,Минеральное,Нержавеющая сталь,WR30,Аналоговые,False
Casio MTP-E145D-5B1DF,30900,,2 года,,,,,,,False
Casio MTP-E120LY-7AVDF,85887,Casio,2 года,Кожаный ремень,,,,WR50,,False
Casio LTP-1183A-1ADF,18499,Casio,2 года,,Кварцевый,Минеральное,Нержавеющая сталь,WR30,Аналоговые,False
Casio BEM-SL100D-5ADF,47700,Casio,2 года,,Кварцевый,Минеральное,Нержавеющая сталь,WR30,,False
Casio B640WC-5ADF,30000,Casio,2 года,,Кварцевый,Пластиковое,Пластик,WR30,,True
Daniel Klein DK11257-1,61866,Daniel Klein,0,,Механический с автоподзаводом,Минеральное,Нержавеющая сталь,WR50,,False
Casio LRW-250H-4A3VDF,30600,Casio,2 года,Пластиковые и резиновые ремни,Кварцевый,Пластиковое,Пластик,WR100,,False
Adriatica A3143.5213Q,60000,Adriatica,2 года,Кожаный ремень,Кварцевый,,Нержавеющая сталь,WR50,,False
Pierre Ricaud P91078.5154Q,53772,Pierre ricaud,2 года,Одноцветный браслет,Кварцевый,Минеральное,Нержавеющая сталь,WR30,Аналоговые,False
Pierre Ricaud P91078.5153Q,36700,Pierre ricaud,2 года,Одноцветный браслет,Кварцевый,Минеральное,Нержавеющая сталь,WR30,Аналоговые,False
Q&Q S294J010Y,40155,Q&Q,1 год,,Кварцевый,Минеральное,Латунь,WR100,Аналоговые,False
Q&Q QB40J404Y,24090,Q&Q,1 год,Одноцветный браслет,Кварцевый,Минеральное,Латунь,WR30,Аналоговые,False
Q&Q QB40J204Y,11500,Q&Q,1 год,Одноцветный браслет,Кварцевый,Минеральное,Латунь,WR30,Аналоговые,False
Q&Q QB40J003Y,24090,Q&Q,1 год,Одноцветный браслет,Кварцевый,Минеральное,Латунь,WR30,Аналоговые,False
Q&Q QB34J312Y,11881,Q&Q,1 год,Одноцветный браслет,Кварцевый,Минеральное,Латунь,WR30,Аналоговые,False
Q&Q QB34J111Y,12738,Q&Q,1 год,Одноцветный браслет,Кварцевый,Минеральное,Латунь,WR30,Аналоговые,False
Q&Q QB10J115Y,17000,Q&Q,1 год,Одноцветный браслет,Кварцевый,Минеральное,Латунь,WR50,Аналоговые,False
Q&Q Q860J105Y,12738,Q&Q,1 год,Одноцветный браслет,Кварцевый,Минеральное,Латунь,WR50,Аналоговые,False
Casio MTP-VD01G-1BVUDF,24000,,1 год,Одноцветный браслет,Кварцевый,Минеральное,Нержавеющая сталь,WR50,Аналоговые,False
Q&Q QA98J502Y,19806,Q&Q,1 год,Одноцветный браслет,Кварцевый,Минеральное,Латунь,WR50,Аналоговые,False
Casio MTP-VD01L-7BVUDF,18600,Casio,1 год,Кожаный ремень,Кварцевый,Минеральное,Латунь,WR50,Аналоговые,False
Casio MTP-VD01G-9EVUDF,46872,,1 год,Одноцветный браслет,Кварцевый,Минеральное,Нержавеющая сталь,WR50,Аналоговые,False
Casio MTP-VD01D-7EVUDF,38671,,1 год,Одноцветный браслет,Кварцевый,Минеральное,Нержавеющая сталь,WR50,Аналоговые,False
Casio MTP-VD01D-7BVUDF,38671,,1 год,Одноцветный браслет,Кварцевый,Минеральное,Латунь,WR50,Аналоговые,False
Casio MTP-VD01D-1EVUDF,26600,,1 год,Одноцветный браслет,Кварцевый,Минеральное,Латунь,WR50,Аналоговые,False
Q&Q QZ16J201Y,18093,Q&Q,1 год,Одноцветный браслет,Кварцевый,Минеральное,Нержавеющая сталь,WR50,Аналоговые,False
Q&Q QZ16J001Y,26447,Q&Q,1 год,Одноцветный браслет,Кварцевый,Минеральное,Нержавеющая сталь,WR50,Аналоговые,False
Q&Q QA45J202Y,15308,Q&Q,1 год,Одноцветный браслет,Кварцевый,Минеральное,Нержавеющая сталь,WR50,Аналоговые,False
Q&Q QA44J202Y,15308,Q&Q,1 год,Одноцветный браслет,Кварцевый,Минеральное,Нержавеющая сталь,Водозащитные,Аналоговые,False
Q&Q Q964J402Y,22178,Q&Q,1 год,Одноцветный браслет,Кварцевый,Минеральное,Нержавеющая сталь,WR50,,False
Q&Q M123J001Y,19378,Q&Q,1 год,Пластиковые и резиновые ремни,Электронные,Минеральное,Пластик,WR100,,False
Casio AE-1400WH-9AVDF,37769,Casio,0,Пластиковые и резиновые ремни,Кварцевый,Пластиковое,Пластик,WR100,Электронные,False
Lorus RH917JX9,51646,Lorus,1 год,Одноцветный браслет,Кварцевый,Hardlex (закаленное минеральное стекло),Нержавеющая сталь,WR30,Аналоговые,False
Q&Q VR18J005Y,10810,Q&Q,1 год,Пластиковые и резиновые ремни,Кварцевый,Минеральное,Пластик,WR100,Аналоговые,False
Q&Q QZ02J104Y,13166,Q&Q,1 год,Кожаный ремень,Кварцевый,Минеральное,Нержавеющая сталь,Водозащитные,Аналоговые,False
Lorus  RM313EX9,43600,Lorus,1 год,Одноцветный браслет,Кварцевый хронограф,Минеральное,Нержавеющая сталь,WR50,Аналоговые,False
Lorus  RM347EX9,47000,Lorus,1 год,Кожаный ремень,Кварцевый хронограф,Минеральное,Нержавеющая сталь,WR100,Аналоговые,False
Lorus  RH903JX9,52946,Lorus,1 год,Кожаный ремень,Кварцевый,Минеральное,Нержавеющая сталь,WR30,Аналоговые,False
Lorus  RH999HX9,61086,Lorus,1 год,Кожаный ремень,Кварцевый,Минеральное,Нержавеющая сталь,WR50,Аналоговые,False
Lorus  RM339EX9,43700,Lorus,1 год,Кожаный ремень,Кварцевый хронограф,Минеральное,Нержавеющая сталь,WR100,Аналоговые,False
Lorus RRX17EX9,20600,Lorus,1 год,Пластиковые и резиновые ремни,Кварцевый,Пластиковое,Нержавеющая сталь,WR100,Аналоговые,False
Jacques Lemans 1-1844ZA,75900,Jacques Lemans,2 года,Кожаный ремень,Кварцевый хронограф,Минеральное повышенной прочности,Нержавеющая сталь,WR100,Аналоговые,False
Q&Q CD06J202Y,22591,Q&Q,1 год,Одноцветный браслет,Кварцевый,Минеральное,Нержавеющая сталь,WR30,Аналоговые,False
Q&Q QA20J422Y,22591,Q&Q,1 год,Одноцветный браслет,Кварцевый,Минеральное,Латунь,WR30,Аналоговые,False
Q&Q QA20J001Y,21964,Q&Q,1 год,Одноцветный браслет,Кварцевый,Минеральное,Латунь,WR30,Аналоговые,False
Q&Q QZ10J318Y,30945,Q&Q,1 год,Кожаный ремень,Кварцевый,Минеральное,Латунь,WR50,Аналоговые,False
Q&Q C214J322Y,12738,Q&Q,1 год,Кожаный ремень,Кварцевый,Минеральное,Латунь,WR30,Аналоговые,False
Q&Q VS12J003Y,7300,Q&Q,1 год,Пластиковые и резиновые ремни,Кварцевый,Пластиковое,Пластик,WR100,Аналоговые,False
Q&Q CE02J512Y,30000,Q&Q,1 год,Кожаный ремень,Кварцевый,Минеральное,Нержавеющая сталь,WR50,Аналоговые,False
Q&Q Q892J522Y,13809,Q&Q,1 год,Кожаный ремень,Кварцевый,Минеральное,Латунь,WR30,Аналоговые,False
Casio MTP-1302L-1B3VDF,19800,Casio,1 год,Кожаный ремень,Кварцевый,Минеральное,Нержавеющая сталь,WR50,Аналоговые,False
Orient RA-AS0003S10B,229700,Orient,1 год,Кожаный ремень,Механический с автоподзаводом,Сапфировое,Нержавеющая сталь + PVD покрытие,WR50,Аналоговые,False
Orient RA-AS0005S10B,136900,Orient,1 год,Кожаный ремень,Механический с автоподзаводом,Сапфировое,Нержавеющая сталь + PVD покрытие,WR50,Аналоговые,False
Orient FAB00009C9,54200,Orient,1 год,Одноцветный браслет,Механический с автоподзаводом,Минеральное,Нержавеющая сталь,WR30,Аналоговые,False
Orient FKV00002W0,75000,Orient,1 год,Одноцветный браслет,Кварцевый хронограф,Минеральное,Нержавеющая сталь + PVD покрытие,WR50,Аналоговые,False
Orient FAC00005W0,105300,Orient,1 год,Кожаный ремень,Механический с автоподзаводом,Минеральное,Нержавеющая сталь,WR30,Аналоговые,False
Orient RA-KV0005B10B,97300,Orient,1 год,Кожаный ремень,Кварцевый хронограф,Минеральное,Нержавеющая сталь,WR50,Аналоговые,False
Lorus RM371EX9,74749,Lorus,1 год,Одноцветный браслет,Кварцевый хронограф,Минеральное,Нержавеющая сталь,WR50,Аналоговые,False
Jacques Lemans 1-1117.1IN,125800,Jacques Lemans,2 года,Одноцветный браслет,Кварцевый хронограф,Минеральное,Нержавеющая сталь,WR200,Аналоговые,False
Lorus R2315KX9,30807,Lorus,1 год,Пластиковые и резиновые ремни,Кварцевый,Пластиковое,Нержавеющая сталь + пластик,WR100,Электронные,True
Q&Q QA06J010Y,18950,Q&Q,1 год,Одноцветный браслет,Кварцевый,Минеральное,Латунь,WR30,Аналоговые,False
Casio MTP-V002G-1BUDF,40370,Casio,2 года,Одноцветный браслет,Кварцевый,Минеральное,Нержавеющая сталь,WR30,Аналоговые,False
Casio MTP-V005G-7BUDF,36422,Casio,2 года,Одноцветный браслет,Кварцевый,Минеральное,Нержавеющая сталь,WR30,Аналоговые,False
Casio MTP-V002GL-1BUDF,24993,Casio,2 года,Кожаный ремень,Кварцевый,Минеральное,Нержавеющая сталь,WR30,Аналоговые,False
Casio MTP-V005GL-7BUDF,12200,,1 год,Кожаный ремень,Кварцевый,Минеральное,Нержавеющая сталь,WR30,Аналоговые,False
Casio MTP-V002G-7B2UDF,39620,Casio,2 года,Одноцветный браслет,Кварцевый,Минеральное,Нержавеющая сталь,WR30,Аналоговые,False
Casio MTP-V002L-1BUDF,12400,,1 год,Кожаный ремень,Кварцевый,Минеральное,Нержавеющая сталь,WR30,Аналоговые,False
Q&Q QA96J402Y,30516,Q&Q,1 год,Одноцветный браслет,Кварцевый,Минеральное,Нержавеющая сталь,WR30,Аналоговые,False
Q&Q QA96J202Y,25819,Q&Q,1 год,Одноцветный браслет,Кварцевый,Минеральное,Латунь,WR30,Аналоговые,False
Q&Q QA60J304Y,24534,Q&Q,1 год,Кожаный ремень,Кварцевый,Минеральное,Латунь,WR30,Аналоговые,False
Q&Q QZ02J302Y,12738,Q&Q,1 год,Кожаный ремень,Кварцевый,Минеральное,Нержавеющая сталь,WR50,Аналоговые,False
Q&Q QA20J222Y,16593,Q&Q,1 год,Одноцветный браслет,Кварцевый,Минеральное,Латунь,WR50,Аналоговые,False
Q&Q QA96J222Y,25819,Q&Q,1 год,Одноцветный браслет,Кварцевый,Минеральное,Нержавеющая сталь,WR30,Аналоговые,False
Q&Q QZ02J103Y,13166,Q&Q,1 год,Кожаный ремень,Кварцевый,Минеральное,Латунь,WR30,Электронные,False
ORIENT FAB0000CB9,47300,Orient,1 год,Одноцветный браслет,Механический с автоподзаводом,Минеральное,Нержавеющая сталь + IP покрытие,WR30,Аналоговые,False
lorus RS903DX9,29200,Lorus,1 год,Одноцветный браслет,Кварцевый,Минеральное,Нержавеющая сталь,WR50,Аналоговые,False
Q&Q A164J202Y,23463,Q&Q,1 год,Одноцветный браслет,Кварцевый,Минеральное,Латунь,WR50,Аналоговые,False
Q&Q QA60J004Y,29445,Q&Q,1 год,Одноцветный браслет,Кварцевый,Минеральное,Латунь,WR30,Аналоговые,False
Q&Q QA56J402Y,20021,Q&Q,1 год,Комбинированный браслет,Кварцевый,Минеральное,Нержавеющая сталь,Водозащитные,Аналоговые,False
Q&Q QA56J010Y,19378,Q&Q,1 год,Одноцветный браслет,Кварцевый,Минеральное,Латунь,WR30,Аналоговые,False
Q&Q QA52J505Y,15951,Q&Q,1 год,Кожаный ремень,Кварцевый,Минеральное,Латунь,WR30,Аналоговые,False
Q&Q QA52J304Y,13809,Q&Q,1 год,Кожаный ремень,Кварцевый,Минеральное,Нержавеющая сталь,Водозащитные,Аналоговые,False
Q&Q Q618J202Y,15308,Q&Q,1 год,Одноцветный браслет,Кварцевый,Минеральное,Латунь,WR50,Аналоговые,False
Q&Q QA56J202Y,16808,Q&Q,1 год,Одноцветный браслет,Кварцевый,Минеральное,Латунь,WR30,Аналоговые,False
Orient FAG00003B0,84700,Orient,1 год,Кожаный ремень,Механический с ручным заводом,Минеральное,Нержавеющая сталь,WR50,Аналоговые,False
Lorus RH931GX9,62662,Lorus,1 год,Кожаный ремень,Кварцевый,Минеральное,Нержавеющая сталь,WR100,Аналоговые,False
Jacques Lemans 1-1929H,50900,Jacques Lemans,2 года,Кожаный ремень,Кварцевый,Минеральное,Нержавеющая сталь,WR50,Аналоговые,False
Jacques Lemans 1-1117.1EN,125800,Jacques Lemans,2 года,Одноцветный браслет,Кварцевый хронограф,Hardlex (закаленное минеральное стекло),Нержавеющая сталь,WR200,Аналоговые,False
Lorus R3A05AX9,31300,Lorus,1 год,Кожаный ремень,Кварцевый хронограф,Минеральное,Нержавеющая сталь,WR100,Аналоговые,False
Jacques Lemans 1-1799G,125800,Jacques Lemans,2 года,Одноцветный браслет,Кварцевый хронограф,Минеральное,Нержавеющая сталь,WR100,Аналоговые,False
Lorus RM329DX9,38000,Lorus,1 год,Одноцветный браслет,Кварцевый хронограф,Минеральное,Нержавеющая сталь,WR50,Аналоговые,False
Q&Q VQ94J018Y,11453,Q&Q,1 год,Пластиковые и резиновые ремни,Кварцевый,Пластиковое,Пластик,WR30,Аналоговые,False
Q&Q VW90J100Y,13380,Q&Q,1 год,Кожаный ремень,Кварцевый,Минеральное,Нержавеющая сталь,WR30,Аналоговые,False
Q&Q QA48J401Y,19822,Q&Q,1 год,Одноцветный браслет,Кварцевый,Минеральное,Нержавеющая сталь,WR50,Аналоговые,False
Q&Q QA20J212Y,16593,Q&Q,1 год,Одноцветный браслет,Кварцевый,Минеральное,Нержавеющая сталь,WR30,Аналоговые,False
Q&Q A194-202Y,16900,Q&Q,1 год,Одноцветный браслет,Кварцевый,Минеральное,Латунь,WR30,Аналоговые,False
Q&Q DG08J002Y,40966,Q&Q,1 год,Пластиковые и резиновые ремни,Кварцевый хронограф,Минеральное,Пластик,WR100,Аналоговые,False
Adriatica A1100.5113QF,95800,Adriatica,2 года,Одноцветный браслет,Кварцевый,Минеральное повышенной прочности,Нержавеющая сталь,WR50,Аналоговые,False
JACQUES LEMANS 1-1843.1A,146674,Jacques Lemans,2 года,Одноцветный браслет,Кварцевый,Минеральное,Нержавеющая сталь,WR50,Аналоговые,False
Q&Q QA06J202Y,14666,Q&Q,1 год,Одноцветный браслет,Кварцевый,Минеральное,Латунь,WR30,Аналоговые,False
Q&Q QA06J302Y,9600,Q&Q,1 год,Кожаный ремень,Кварцевый,Минеральное,Латунь,WR50,Аналоговые,False
Q&Q M144J008Y,20464,Q&Q,1 год,Пластиковые и резиновые ремни,Кварцевый,Пластиковое,Пластик,WR100,Электронные,True
JACQUES LEMANS 1-1117.1XN,125800,Jacques Lemans,2 года,Одноцветный браслет,Кварцевый хронограф,Минеральное,Нержавеющая сталь,WR200,Аналоговые,False
Q&Q QA06J100Y,13166,Q&Q,1 год,Кожаный ремень,Кварцевый,Минеральное,Нержавеющая сталь + PVD покрытие,WR30,Аналоговые,False
Q&Q QA06J212Y,11400,Q&Q,1 год,Комбинированный браслет,Кварцевый,Минеральное,Нержавеющая сталь,WR30,Аналоговые,False
Q&Q QA06J305Y,12738,Q&Q,1 год,Кожаный ремень,Кварцевый,Минеральное,Латунь,WR50,Аналоговые,False
Q&Q QA06J205Y,15308,Q&Q,1 год,Одноцветный браслет,Кварцевый,Минеральное,Латунь,WR30,Аналоговые,False
Q&Q QA24J302Y,14880,Q&Q,1 год,Кожаный ремень,Кварцевый,Минеральное,Нержавеющая сталь,WR30,Аналоговые,False
Q&Q QA06J400Y,18307,Q&Q,1 год,Комбинированный браслет,Кварцевый,Минеральное,Латунь,WR30,Аналоговые,False
Jacques Lemans 1-1540D,65800,Jacques Lemans,2 года,Одноцветный браслет,Кварцевый,Минеральное,Нержавеющая сталь,WR100,Аналоговые,False
Lorus RM335DX9,40400,Lorus,1 год,Кожаный ремень,Кварцевый,Минеральное,Нержавеющая сталь,WR50,Аналоговые,False
Lorus RM339DX9,40400,Lorus,1 год,Кожаный ремень,Кварцевый хронограф,Минеральное,Нержавеющая сталь,WR50,Аналоговые,False
Lorus RT371FX9,87081,Lorus,1 год,Текстильный ремень,Кварцевый хронограф,Минеральное,Нержавеющая сталь,WR100,Аналоговые,False
Q&Q Q978J311Y,12738,Q&Q,1 год,Кожаный ремень,Кварцевый,Минеральное,Латунь,WR30,Аналоговые,False
Q&Q Q978J302Y,11881,Q&Q,1 год,Кожаный ремень,Кварцевый,Минеральное,Латунь,WR30,Аналоговые,False
Q&Q Q978J121Y,12309,Q&Q,1 год,Кожаный ремень,Кварцевый,Минеральное,Латунь,WR30,Аналоговые,False
Q&Q Q960J202Y,21306,Q&Q,1 год,Одноцветный браслет,Кварцевый,Минеральное,Латунь,WR50,Аналоговые,False
Q&Q Q974J101Y,13396,Q&Q,1 год,Кожаный ремень,Кварцевый,Минеральное,Латунь,WR30,Аналоговые,False
Q&Q Q978J100Y,12309,Q&Q,1 год,Кожаный ремень,Кварцевый,Минеральное,Латунь,WR30,Аналоговые,False
Q&Q QA06J104Y,13166,Q&Q,1 год,Кожаный ремень,Кварцевый,Минеральное,Латунь,WR30,Аналоговые,False
ORIENT FUG0Q004W6,34000,Orient,1 год,Одноцветный браслет,Кварцевый,Минеральное,Нержавеющая сталь,WR50,Аналоговые,False
ORIENT FUNG2001B0,29700,Orient,1 год,Одноцветный браслет,Кварцевый,Минеральное,Нержавеющая сталь,WR30,Аналоговые,False
Q&Q DA86J003Y,36728,Q&Q,1 год,Пластиковые и резиновые ремни,Кварцевый хронограф,Минеральное,Пластик,WR100,Аналоговые,False
Q&Q C214J100Y,13182,Q&Q,1 год,Кожаный ремень,Кварцевый,Минеральное,Нержавеющая сталь,WR30,Аналоговые,False
Orient FAC00001B0,111700,Orient,1 год,Кожаный ремень,Кварцевый,Минеральное,Нержавеющая сталь,WR50,Аналоговые,False
JACQUES LEMANS 1-1801C,146674,Jacques Lemans,2 года,Кожаный ремень,Кварцевый хронограф,Минеральное,Нержавеющая сталь,WR100,Аналоговые,False
JACQUES LEMANS 1-1799B,191870,Jacques Lemans,2 года,Пластиковые и резиновые ремни,Кварцевый хронограф,Минеральное повышенной прочности,,WR100,Аналоговые,False
JACQUES LEMANS 1-1929A,50900,Jacques Lemans,2 года,Кожаный ремень,Кварцевый,Минеральное повышенной прочности,Нержавеющая сталь,WR50,Аналоговые,False
Casio MTP-X300G-1AVDF,63300,Casio,1 год,Одноцветный браслет,Кварцевый,Минеральное,Нержавеющая сталь + IP покрытие,WR50,Аналоговые,False
Casio MTP-V300G-7AUDF,29999,,2 года,Одноцветный браслет,Кварцевый,Минеральное,Нержавеющая сталь + PVD покрытие,WR30,Аналоговые,False
Casio MTP-V300G-1AUDF,33190,,1 год,Одноцветный браслет,Кварцевый,Минеральное,Нержавеющая сталь,WR30,Аналоговые,False
Q&Q C214J102Y,13182,Q&Q,1 год,Кожаный ремень,Кварцевый,Минеральное,Латунь,WR50,Аналоговые,False
Q&Q C214J302Y,12738,Q&Q,1 год,Кожаный ремень,Кварцевый,Минеральное,Латунь,WR30,Аналоговые,False
Q&Q C214J101Y,13182,Q&Q,1 год,Кожаный ремень,Кварцевый,Минеральное,Латунь,WR30,Аналоговые,False
Orient FKV01001B0,71800,Orient,1 год,Одноцветный браслет,Кварцевый хронограф,Минеральное,Нержавеющая сталь,WR50,Аналоговые,False
ORIENT FUG0Q002W6,38000,Orient,1 год,Комбинированный браслет,Кварцевый,Минеральное,Нержавеющая сталь,WR100,Аналоговые,False
Q&Q M132J007Y,20000,Q&Q,1 год,Каучуковый ремень,Электронные,Минеральное,Пластик,WR100,Электронные,True
Q&Q M119J002Y,15800,Q&Q,1 год,Каучуковый ремень,Электронные,Минеральное,Пластик,WR100,Электронные,True
Q&Q Q740J312Y,15308,Q&Q,1 год,Кожаный ремень,Кварцевый,Минеральное,Латунь,WR30,Аналоговые,False
Q&Q Q618J212Y,15308,Q&Q,1 год,Одноцветный браслет,Кварцевый,Минеральное,Латунь,WR50,Аналоговые,False
JACQUES LEMANS 1-1862D,146674,Jacques Lemans,2 года,Кожаный ремень,Кварцевый,Минеральное,Нержавеющая сталь,WR100,Аналоговые,False
Q&Q Q954J010Y,22821,Q&Q,1 год,Одноцветный браслет,Кварцевый,Минеральное,Латунь,WR30,Аналоговые,False
Q&Q Q944J304Y,8700,Q&Q,1 год,Кожаный ремень,Кварцевый,Минеральное,Латунь,WR30,Аналоговые,False
Q&Q Q978J111Y,13182,Q&Q,1 год,Кожаный ремень,Кварцевый,Минеральное,Нержавеющая сталь + PVD покрытие,WR30,Аналоговые,False
Q&Q Q944J402Y,17664,Q&Q,1 год,Комбинированный браслет,Кварцевый,Минеральное,Латунь,WR30,Аналоговые,False
Q&Q Q946J104Y,13182,Q&Q,0,,Кварцевый,Минеральное,Латунь,WR30,,False
Q&Q C214J315Y,12738,Q&Q,1 год,Кожаный ремень,Кварцевый,Минеральное,Нержавеющая сталь,,Аналоговые,False
Q&Q Q978J104Y,13166,Q&Q,1 год,Кожаный ремень,Кварцевый,Минеральное,Латунь,WR30,Аналоговые,False
Q&Q Q974J121Y,7100,Q&Q,1 год,Кожаный ремень,Кварцевый,Минеральное,Латунь,WR30,Аналоговые,False
Q&Q Q954J402Y,22821,Q&Q,1 год,Одноцветный браслет,Кварцевый,Минеральное,Латунь,WR30,Аналоговые,False
Q&Q Q944J001Y,18950,Q&Q,1 год,Одноцветный браслет,Кварцевый,Минеральное,Латунь,WR30,Аналоговые,False
Q&Q QZ00J301Y,8800,Q&Q,1 год,Кожаный ремень,Кварцевый,Минеральное,Нержавеющая сталь,WR30,Аналоговые,False
CASIO MTP-1215A-2A2DF,17800,,1 год,Одноцветный браслет,Кварцевый,Минеральное,Нержавеющая сталь,WR30,Аналоговые,False
LORUS RRX47DX9,13400,Lorus,1 год,Пластиковые и резиновые ремни,Кварцевый,Пластиковое,Пластик,WR100,Аналоговые,False
JACQUES LEMANS 1-1901G,114000,Jacques Lemans,2 года,Одноцветный браслет,Кварцевый,Минеральное,Нержавеющая сталь,WR100,Аналоговые,False
JACQUES LEMANS 1-1709A,105731,Jacques Lemans,2 года,Пластиковые и резиновые ремни,Кварцевый,Минеральное,Нержавеющая сталь,WR100,Аналоговые,False
PIERRE RICAUD P60008.Y114CHR,111882,Pierre ricaud,0,,Кварцевый,Минеральное,Нержавеющая сталь,WR30,,False
Q&Q DA94J315Y,24305,Q&Q,1 год,Пластиковые и резиновые ремни,Кварцевый,Минеральное,Пластик,WR50,Аналоговые,False
Q&Q C212J301Y,12738,Q&Q,1 год,Кожаный ремень,Кварцевый,Минеральное,Латунь,WR30,Аналоговые,False
Q&Q C212J204Y,15324,Q&Q,1 год,Одноцветный браслет,Кварцевый,Минеральное,Латунь,WR30,Аналоговые,False
Q&Q Q944J100Y,14451,Q&Q,1 год,Кожаный ремень,Кварцевый,Минеральное,Латунь,WR30,Аналоговые,False
Q&Q C212J302Y,12738,Q&Q,1 год,Кожаный ремень,Кварцевый,Минеральное,Латунь,WR30,Аналоговые,False
JACQUES LEMANS 1-1723B,150700,Jacques Lemans,2 года,Кожаный ремень,Механический с автоподзаводом,Минеральное повышенной прочности,Нержавеющая сталь,WR100,Аналоговые,False
Q&Q VR19J003Y,10810,Q&Q,1 год,Каучуковый ремень,Кварцевый,Минеральное,Нержавеющая сталь + пластик,WR100,Аналоговые,False
Q&Q VQ84J004Y,7600,Q&Q,1 год,Пластиковые и резиновые ремни,Кварцевый,Пластиковое,Пластик,WR100,Аналоговые,False
Q&Q VR18J001Y,10810,Q&Q,1 год,Каучуковый ремень,Кварцевый,Минеральное,Пластик,WR100,Аналоговые,False
Q&Q VR18J003Y,10810,Q&Q,1 год,Текстильный ремень,Кварцевый,Минеральное,Пластик,WR100,Аналоговые,False
ORIENT FUG1R009W6,38400,Orient,1 год,Кожаный ремень,Кварцевый,Минеральное,Нержавеющая сталь,WR30,Аналоговые,False
Q&Q M149J002Y,14300,Q&Q,1 год,Пластиковые и резиновые ремни,Электронные,Пластиковое,Пластик,WR100,Электронные,True
JACQUES LEMANS 1-1584L,262144,Jacques Lemans,2 года,Комбинированный браслет,Кварцевый,Минеральное,Нержавеющая сталь,WR100,Аналоговые,False
JACQUES LEMANS 1-1378A,137785,Jacques Lemans,2 года,Кожаный ремень,Кварцевый хронограф,Минеральное,Нержавеющая сталь,WR100,Аналоговые,False
ORIENT FGW05005W0,57400,Orient,1 год,Кожаный ремень,Кварцевый,Минеральное,Нержавеющая сталь,WR50,Аналоговые,False
Orient FGW05004B0,57400,Orient,1 год,Кожаный ремень,Кварцевый,Минеральное,Нержавеющая сталь,WR50,Аналоговые,False
Orient FGW05003W0,63800,Orient,1 год,Кожаный ремень,Кварцевый,Минеральное,Нержавеющая сталь + PVD покрытие,WR30,Аналоговые,False
CASIO MTP-1215A-1ADF,17000,,1 год,Одноцветный браслет,Кварцевый,Минеральное,Нержавеющая сталь,WR30,Аналоговые,False
SEIKO SNKL36K1,65800,Seiko,1 год,Комбинированный браслет,Механический с автоподзаводом,Hardlex (закаленное минеральное стекло),Нержавеющая сталь + PVD покрытие,WR30,Аналоговые,False
CASIO MTP-V006D-7BUDF,29017,,2 года,Одноцветный браслет,Кварцевый,Минеральное,Нержавеющая сталь,WR30,Аналоговые,False
CASIO MTP-V006G-9BUDF,19100,,1 год,Одноцветный браслет,Кварцевый,Минеральное,Нержавеющая сталь + IP покрытие,WR30,Аналоговые,False
CASIO MTP-V006SG-9BUDF,37784,,2 года,Комбинированный браслет,Кварцевый,Минеральное,Нержавеющая сталь,WR30,Аналоговые,False
CASIO MTP-V006L-7BUDF,14100,,1 год,Кожаный ремень,Кварцевый,Минеральное,Нержавеющая сталь,WR30,Аналоговые,False
JACQUES LEMANS 1-1691ZH,119486,Jacques Lemans,2 года,Комбинированный браслет,Кварцевый,Минеральное,Нержавеющая сталь + IP покрытие,WR100,Аналоговые,False
JACQUES LEMANS 1-1847A,100800,Jacques Lemans,2 года,Кожаный ремень,Кварцевый хронограф,Минеральное,Нержавеющая сталь,WR100,Аналоговые,False
JACQUES LEMANS 1-1739E,201892,Jacques Lemans,2 года,Кожаный ремень,Кварцевый,Минеральное,Нержавеющая сталь + IP покрытие,WR100,Аналоговые,False
JACQUES LEMANS N-211B J,400000,Jacques Lemans,2 года,Кожаный ремень,Механический с автоподзаводом,Пластиковое,Нержавеющая сталь + IP покрытие,WR50,Аналоговые,False
JACQUES LEMANS KC-104A,159557,Jacques Lemans,2 года,Каучуковый ремень,Кварцевый хронограф,Минеральное повышенной прочности,Нержавеющая сталь + IP покрытие,WR50,Аналоговые,False
JACQUES LEMANS 1-1654G,140000,Jacques Lemans,2 года,Кожаный ремень,Кварцевый хронограф,Минеральное,Нержавеющая сталь + IP покрытие,WR100,Аналоговые,False
JACQUES LEMANS 1-1580E,222073,Jacques Lemans,2 года,Комбинированный браслет,Кварцевый хронограф,Сапфировое,Нержавеющая сталь,WR50,Аналоговые,False
JACQUES LEMANS 1-1654A,75900,Jacques Lemans,2 года,Кожаный ремень,Кварцевый хронограф,Минеральное,Нержавеющая сталь,WR100,Аналоговые,False
JACQUES LEMANS 1-1739D,201892,Jacques Lemans,2 года,Кожаный ремень,Кварцевый хронограф,Минеральное,Нержавеющая сталь + IP покрытие,WR100,Аналоговые,False
JACQUES LEMANS KC-103C,140000,Jacques Lemans,0,,Кварцевый,Пластиковое,Нержавеющая сталь + IP покрытие,WR50,,False
JACQUES LEMANS 1-1777P,79431,Jacques Lemans,2 года,Кожаный ремень,Кварцевый,Минеральное,Нержавеющая сталь + PVD покрытие,WR50,Аналоговые,False
CASIO MTP-1094Q-1A,15100,Casio,2 года,,,,,,,False
Casio MTP-1129A-1ARDF,16000,Casio,0,,Кварцевый,Минеральное,Нержавеющая сталь,WR30,,False
Casio MTP-1216A-1BDF,31572,,1 год,Одноцветный браслет,Кварцевый,Минеральное,Нержавеющая сталь,WR30,Аналоговые,False
Orient FUG0Q003W6,41300,Orient,1 год,Комбинированный браслет,Кварцевый,Минеральное,Нержавеющая сталь,WR100,Аналоговые,False
Casio MTP-1128A-7ARDF,15500,Casio,0,,Кварцевый,Минеральное,Нержавеющая сталь,WR30,,False
Casio MTP-1130A-1ARDF,20000,Casio,2 года,,Кварцевый,Минеральное,Нержавеющая сталь,WR30,Аналоговые,False
Casio MTP-1095Q-9A,15100,,2 года,Кожаный ремень,Кварцевый,Минеральное,Нержавеющая сталь + PVD покрытие,WR30,Аналоговые,False
Citizen JW0071-58E,600000,Citizen,1 год,,Eco-Drive,Сапфировое,Титан,WR200,Аналогово-цифровые,True
CASIO MTP-V004D-1BUDF,12900,,1 год,Одноцветный браслет,Кварцевый,Минеральное,Нержавеющая сталь,WR30,Аналоговые,False
Q&Q VQ94J001Y,12524,Q&Q,1 год,Каучуковый ремень,Кварцевый,Минеральное,Пластик,WR30,Аналоговые,False
Casio MTP-V004SG-9AUDF,37677,,1 год,Комбинированный браслет,Кварцевый,Минеральное,Нержавеющая сталь,WR30,Аналоговые,False
Casio MTP-1239D-1ADF,17000,,1 год,Одноцветный браслет,Кварцевый,Минеральное,Нержавеющая сталь,WR30,Аналоговые,False
Casio MTP-V004GL-9AUDF,26034,,1 год,Кожаный ремень,Кварцевый,Минеральное,Нержавеющая сталь,WR30,Аналоговые,False
Q&Q Q860J010Y,18950,Q&Q,0,,Кварцевый,Минеральное,Латунь,WR50,,False
Orient FUG1R007W6,70200,Orient,1 год,Кожаный ремень,Кварцевый,Минеральное,Нержавеющая сталь + PVD покрытие,WR30,Аналоговые,False
CASIO MTP-V001G-9BUDF,16000,,1 год,Одноцветный браслет,Кварцевый,Минеральное,Нержавеющая сталь + PVD покрытие,WR30,Аналоговые,False
CASIO MTP-1170A-2ARDF,20000,,1 год,Одноцветный браслет,Кварцевый,Минеральное,Нержавеющая сталь,WR30,Аналоговые,False
Casio MTP-1384D-1AVDF,34110,,1 год,Одноцветный браслет,Кварцевый,Минеральное,Нержавеющая сталь,WR100,Аналоговые,False
Casio MTP-1239D-2ADF,26200,,1 год,Одноцветный браслет,Кварцевый,Минеральное,Нержавеющая сталь,WR30,Аналоговые,False
Casio MTP-1374L-7AVDF,23990,,2 года,Кожаный ремень,Кварцевый,Минеральное,Нержавеющая сталь,WR50,Аналоговые,False
Orient FKU00005T0,65400,Orient,1 год,Кожаный ремень,Кварцевый хронограф,Минеральное,Нержавеющая сталь,WR50,Аналоговые,False
Q&Q Q740J502Y,15000,Q&Q,1 год,Кожаный ремень,Кварцевый,Минеральное,Латунь,WR50,Аналоговые,False
CASIO MTP-1302L-7BVDF,37876,,1 год,Кожаный ремень,Кварцевый,Минеральное,Нержавеющая сталь,WR50,Аналоговые,False
Q&Q DA32J511Y,34387,Q&Q,1 год,Пластиковые и резиновые ремни,Кварцевый,Минеральное,Латунь,WR50,Аналоговые,False
Casio A168WA-1WDF,21100,Casio,1 год,Одноцветный браслет,Электронные,Пластиковое,Нержавеющая сталь,WR30,Электронные,True
CASIO MTP-1095E-1ADF,12500,,1 год,Кожаный ремень,Кварцевый,Минеральное,Нержавеющая сталь,WR30,Аналоговые,False
CASIO MTP-1302L-1AVDF,37876,,1 год,Кожаный ремень,Кварцевый,Минеральное,Нержавеющая сталь,WR50,Аналоговые,False
Casio MTP-1374D-5AVDF,29800,,1 год,Одноцветный браслет,Кварцевый,Минеральное,Нержавеющая сталь,WR50,Аналоговые,False
Q&Q VG32J302Y,13166,Q&Q,1 год,Кожаный ремень,Кварцевый,Минеральное,Латунь,WR30,Аналоговые,False
Orient FUG1H002W6,46300,Orient,1 год,Одноцветный браслет,Кварцевый,Минеральное,Нержавеющая сталь,WR100,Аналоговые,False
CASIO MTP-V001SG-9BUDF,15990,Casio,1 год,Комбинированный браслет,Кварцевый,Минеральное,Нержавеющая сталь,WR30,Аналоговые,False
Casio MTP-1228D-7AVDF,55593,,1 год,Одноцветный браслет,Кварцевый,Минеральное,Нержавеющая сталь,WR50,Аналоговые,False
Casio MTP-1095E-7ADF,12590,,0,,,,,,,False
Casio MTP-1374D-1AVDF,30990,Casio,2 года,Одноцветный браслет,Кварцевый,Минеральное,Нержавеющая сталь,WR50,Аналоговые,False
Q&Q A176J002Y,18093,Q&Q,1 год,Полиуретан,Кварцевый,Пластиковое,Пластик,WR100,Аналоговые,False
Casio MTP-1380L-7BVDF,44623,,1 год,Кожаный ремень,Кварцевый,Минеральное,Нержавеющая сталь,WR50,Аналоговые,False
Casio MTP-1094Q-7A,10000,,1 год,Кожаный ремень,Кварцевый,Минеральное,Нержавеющая сталь,WR30,Аналоговые,False
Q&Q DA72J512Y,27946,Q&Q,1 год,Каучуковый ремень,Кварцевый,Минеральное,Латунь,WR50,Аналоговые,False
Casio MTP-V001GL-9BUDF,21948,Casio,1 год,Кожаный ремень,Кварцевый,Минеральное,Нержавеющая сталь + PVD покрытие,WR30,Аналоговые,False
Casio MTP-1129A-7ARDF,15500,Casio,0,,Кварцевый,Минеральное,Нержавеющая сталь,WR30,,False
Casio MTP-1302D-1A1VDF,18990,,1 год,Одноцветный браслет,Кварцевый,Минеральное,Нержавеющая сталь,WR50,Аналоговые,False
Casio MTP-1183Q-7ADF,22200,Casio,2 года,Кожаный ремень,Кварцевый,Минеральное,Нержавеющая сталь,WR30,Аналоговые,False
Casio MTP-1141A-7ARDF,19290,,2 года,Одноцветный браслет,Кварцевый,Минеральное,Нержавеющая сталь,WR30,Аналоговые,False
Casio MTP-1141G-9ARDF,38488,,1 год,Комбинированный браслет,Кварцевый,Минеральное,Нержавеющая сталь,WR30,Аналоговые,False
Citizen AT0017-52A,151709,Citizen,1 год,,Eco-Drive,Минеральное,Нержавеющая сталь,WR50,Аналоговые,True
Orient FEU00002WW,68000,Orient,1 год,Одноцветный браслет,Механический с автоподзаводом,Минеральное,Нержавеющая сталь,WR30,Аналоговые,False
Q&Q M125J001Y,20235,Q&Q,1 год,Каучуковый ремень,Кварцевый,Минеральное,Пластик,WR100,Электронные,False
Casio MTP-1370D-7A1VDF,23000,,1 год,Одноцветный браслет,Кварцевый,Минеральное,Нержавеющая сталь,WR50,Аналоговые,False
Casio MTP-1308SG-7AVDF,27899,,1 год,Комбинированный браслет,Кварцевый,Минеральное,Нержавеющая сталь,WR50,Аналоговые,False
Casio MTP-1170G-7ARDF,42343,,1 год,Одноцветный браслет,Кварцевый,Минеральное,Нержавеющая сталь,WR30,Аналоговые,False
CASIO AE-1200WHB-1BVDF,37860,Casio,2 года,,Кварцевый,Минеральное,Пластик,WR100,Электронные,True
ORIENT FUG1H001W6,46300,Orient,1 год,Одноцветный браслет,Кварцевый,Минеральное,Нержавеющая сталь,WR100,Аналоговые,False
Q&Q Q890J202Y,18950,Q&Q,1 год,Одноцветный браслет,Кварцевый,Минеральное,Латунь,WR50,Аналоговые,False
Q&Q GW81J001Y,33760,Q&Q,1 год,Пластиковые и резиновые ремни,Кварцевый,Минеральное,Пластик,WR100,Аналогово-цифровые,False
Casio MTP-1314SG-1AVDF,27000,,1 год,Комбинированный браслет,Кварцевый,Минеральное,Нержавеющая сталь,WR50,Аналоговые,False
Q&Q DA72J502Y,27946,Q&Q,1 год,Каучуковый ремень,Кварцевый,Минеральное,Латунь,WR50,Аналоговые,False
Lorus RH956DX9,56190,Lorus,1 год,Кожаный ремень,Кварцевый,Минеральное,Нержавеющая сталь + PVD покрытие,WR100,Аналоговые,False
Casio MTP-1175E-9ADF,27854,,1 год,Кожаный ремень,Кварцевый,Минеральное,Нержавеющая сталь,WR30,Аналоговые,False
Casio MTP-1302D-7A1VDF,41165,,1 год,Одноцветный браслет,Кварцевый,Минеральное,Нержавеющая сталь,WR50,Аналоговые,False
Casio MTP-1303SG-7AVDF,30000,,1 год,Комбинированный браслет,Кварцевый,Минеральное,Нержавеющая сталь,WR50,Аналоговые,False
Q&Q Q894J212Y,20877,Q&Q,1 год,Одноцветный браслет,Кварцевый,Минеральное,Латунь,WR50,Аналоговые,False
CASIO MTP-1228D-2AVDF,21700,,1 год,Одноцветный браслет,Кварцевый,Минеральное,Нержавеющая сталь,WR50,Аналоговые,False
Orient FUG1R006W6,51400,Orient,1 год,Кожаный ремень,Кварцевый,Минеральное,Нержавеющая сталь + PVD покрытие,WR30,Аналоговые,False
Casio MTP-1374D-7AVDF,45700,,1 год,Одноцветный браслет,Кварцевый,Минеральное,Нержавеющая сталь,WR50,Аналоговые,False
Q&Q VQ84J003Y,10810,Q&Q,1 год,Пластиковые и резиновые ремни,Кварцевый,Пластиковое,Пластик,WR100,Аналоговые,False
Q&Q DA82J512Y,35657,Q&Q,1 год,Кожаный ремень,Кварцевый,Минеральное,Латунь,WR30,Аналоговые,False
Lorus RH912FX9,59770,Lorus,1 год,Пластиковые и резиновые ремни,Кварцевый,Минеральное,Нержавеющая сталь,WR100,Аналоговые,False
Q&Q Q206J401Y,18950,Q&Q,1 год,Комбинированный браслет,Кварцевый,Минеральное,Латунь,WR30,Аналоговые,False
CASIO MTP-V001GL-7BUDF,15000,Casio,1 год,Кожаный ремень,Кварцевый,Минеральное,Нержавеющая сталь,WR30,Аналоговые,False
Casio MTP-1183G-7ADF,27000,,1 год,Комбинированный браслет,Кварцевый,Минеральное,Нержавеющая сталь,WR30,Аналоговые,False
Q&Q VQ94J003Y,12524,Q&Q,1 год,Каучуковый ремень,Кварцевый,Минеральное,Пластик,WR30,Аналоговые,False
Q&Q Q892J001Y,20877,Q&Q,1 год,Одноцветный браслет,Кварцевый,Минеральное,Латунь,WR30,Аналоговые,False
Casio MTP-1183A-1ADF,15999,Casio,1 год,Одноцветный браслет,Кварцевый,Минеральное,Нержавеющая сталь,WR30,Аналоговые,False
Orient FKU00003W0,67000,Orient,1 год,Одноцветный браслет,Кварцевый хронограф,Минеральное,Нержавеющая сталь,WR50,Аналоговые,False
Q&Q VP84J002Y,10810,Q&Q,1 год,Пластиковые и резиновые ремни,Кварцевый,Пластиковое,Пластик,WR100,Аналоговые,False
Q&Q    GW80J001Y,36514,Q&Q,1 год,Каучуковый ремень,Кварцевый,Минеральное,Латунь,WR100,Аналогово-цифровые,False
Q&Q Q266J101Y,13166,Q&Q,1 год,Кожаный ремень,Кварцевый,Минеральное,Латунь,WR30,Аналоговые,False
Casio MTP-1370L-7AVDF,31900,,1 год,Кожаный ремень,Кварцевый,Минеральное,Нержавеющая сталь,WR50,Аналоговые,False
Q&Q VQ84J007Y,10810,Q&Q,1 год,Пластиковые и резиновые ремни,Кварцевый,Пластиковое,Пластик,WR100,Аналоговые,False
Casio MTP-1375L-1AVDF,32898,Casio,1 год,Кожаный ремень,Кварцевый,Минеральное,Нержавеющая сталь,WR50,Аналоговые,False
Q&Q Q890J211Y,18950,Q&Q,1 год,Одноцветный браслет,Кварцевый,Минеральное,Латунь,WR50,Аналоговые,False
Q&Q M142J002Y,19822,Q&Q,1 год,Пластиковые и резиновые ремни,Электронные,Минеральное,Пластик,WR100,Электронные,True
Casio MTP-V004G-7BUDF,40599,Casio,2 года,Одноцветный браслет,Кварцевый,Минеральное,Нержавеющая сталь + PVD покрытие,WR30,Аналоговые,False
Q&Q C192J104Y,13166,Q&Q,1 год,Кожаный ремень,Кварцевый,Минеральное,Латунь,WR30,Аналоговые,False
Q&Q VQ84J005Y,10810,Q&Q,1 год,Пластиковые и резиновые ремни,Кварцевый,Пластиковое,Керамика,WR100,Аналоговые,False
Q&Q M010J001Y,20000,Q&Q,1 год,Пластиковые и резиновые ремни,Электронные,Пластиковое,Пластик,WR100,Электронные,True
Casio MTP-1216A-2BDF,31572,Casio,1 год,Одноцветный браслет,Кварцевый,Минеральное,Нержавеющая сталь,WR30,Аналоговые,False
CASIO MTP-1094Q-9A,10000,,2 года,Кожаный ремень,Кварцевый,Минеральное,Нержавеющая сталь,WR30,Аналоговые,False
Q&Q DA82J102Y,35229,Q&Q,1 год,Кожаный ремень,Кварцевый,Минеральное,Латунь,WR30,Аналоговые,False
Casio MTP-1370L-1AVDF,27000,,1 год,Кожаный ремень,Кварцевый,Минеральное,Нержавеющая сталь,WR50,Аналоговые,False
Q&Q M133J002Y,21535,Q&Q,1 год,Пластиковые и резиновые ремни,Кварцевый,Минеральное,Пластик,WR100,Электронные,False
Q&Q Q206J404Y,18950,Q&Q,1 год,Комбинированный браслет,Кварцевый,Минеральное,Латунь,WR30,Аналоговые,False
Casio MTP-1314L-8AVDF,16400,Casio,1 год,Кожаный ремень,Кварцевый,Минеральное,Нержавеющая сталь,WR50,Аналоговые,False
Casio MTP-1128G-7BRDF,20700,Casio,0,,Кварцевый,Минеральное,Нержавеющая сталь,WR30,,False
Q&Q C152J202Y,15324,Q&Q,1 год,Одноцветный браслет,Кварцевый,Минеральное,Латунь,WR30,Аналоговые,False
Casio MTP-1240D-1ADF,19000,,1 год,Одноцветный браслет,Кварцевый,Минеральное,Нержавеющая сталь,WR30,Аналоговые,False
CASIO MTP-1216A-7BDF,31572,Casio,1 год,Одноцветный браслет,Кварцевый,Минеральное,Нержавеющая сталь,WR30,Аналоговые,False
Q&Q F461-005Y,23234,Q&Q,1 год,Комбинированный браслет,Кварцевый,Минеральное,Латунь,WR50,Аналоговые,False
Q&Q Q868J101Y,13166,Q&Q,1 год,Кожаный ремень,Кварцевый,Минеральное,Латунь,WR30,Аналоговые,False
Casio MTP-1170N-9ARDF,43843,,1 год,Одноцветный браслет,Кварцевый,Минеральное,Нержавеющая сталь + PVD покрытие,WR30,Аналоговые,False
Casio MTP-1381G-9AVDF,62126,Casio,1 год,Комбинированный браслет,Кварцевый,Минеральное,Нержавеющая сталь,WR50,Аналоговые,False
Casio MTP-1213A-1AVDF,18000,Casio,2 года,Одноцветный браслет,Кварцевый,Минеральное,Нержавеющая сталь,WR50,Аналоговые,False
Casio MTP-1370D-1A2VDF,23799,,1 год,Одноцветный браслет,Кварцевый,Минеральное,Нержавеющая сталь,WR50,Аналоговые,False
ORIENT FEU00002BW,68000,Orient,1 год,Комбинированный браслет,Механический с автоподзаводом,Минеральное,Нержавеющая сталь,WR50,Аналоговые,False
Casio MTP-1095Q-7A,15100,,0,,,,,,,False
Q&Q Q662J502Y,13166,Q&Q,1 год,Кожаный ремень,Кварцевый,Минеральное,Латунь,WR30,Аналоговые,False
Q&Q DA70J004Y,27946,Q&Q,1 год,Каучуковый ремень,Кварцевый,Минеральное,Пластик,WR100,Аналоговые,False
Lorus R2365JX9,24213,Lorus,1 год,Каучуковый ремень,Кварцевый,Пластиковое,Пластик,WR100,Аналоговые,False
Casio MTP-1381L-7AVDF,32900,Casio,1 год,Кожаный ремень,Кварцевый,Минеральное,Нержавеющая сталь,WR50,Аналоговые,False
Q&Q VQ14J003Y,10810,Q&Q,1 год,Пластиковые и резиновые ремни,Кварцевый,Минеральное,Пластик,WR100,Аналоговые,False
CASIO LTP-1183Q-7ADF,32154,Casio,2 года,Кожаный ремень,Кварцевый,Минеральное,Нержавеющая сталь,WR30,Аналоговые,False
CASIO MTP-1335D-7AVDF,45725,,1 год,Одноцветный браслет,Кварцевый,Минеральное,Нержавеющая сталь,WR50,Аналоговые,False
Q&Q Q398-010Y,17848,Q&Q,1 год,Одноцветный браслет,Кварцевый,Минеральное,Латунь,WR30,Аналоговые,False
Q&Q Q470J402Y,19806,Q&Q,1 год,Одноцветный браслет,Кварцевый,Минеральное,Латунь,WR50,Аналоговые,False
CASIO MTP-V004D-7BUDF,28941,Casio,1 год,Одноцветный браслет,Кварцевый,Минеральное,Нержавеющая сталь,WR30,Аналоговые,False
Casio MTP-1239D-7ADF,25300,,1 год,Одноцветный браслет,Кварцевый,Минеральное,Нержавеющая сталь,WR30,Аналоговые,False
CASIO MTP-1095Q-7B,15100,Casio,2 года,Кожаный ремень,Кварцевый,Минеральное,Нержавеющая сталь,WR30,Аналоговые,False
Casio MTP-1384D-7AVDF,28990,,1 год,Одноцветный браслет,Кварцевый,Минеральное,Нержавеющая сталь,WR100,Аналоговые,False
Casio MTP-1215A-7ADF,16780,Casio,2 года,Одноцветный браслет,Кварцевый,Минеральное,Нержавеющая сталь,WR30,Аналоговые,False
Q&Q Q890J402Y,22606,Q&Q,1 год,Керамический браслет,Кварцевый,Минеральное,Керамика,WR50,Аналоговые,False
Q&Q VQ14J002Y,10810,Q&Q,1 год,Пластиковые и резиновые ремни,Кварцевый,Минеральное,Пластик,WR100,Аналоговые,False
Q&Q Q868J100Y,13166,Q&Q,1 год,Кожаный ремень,Кварцевый,Минеральное,Латунь,WR30,Аналоговые,False
Casio MTP-1130N-1ARDF,28500,,2 года,Одноцветный браслет,Кварцевый,Минеральное,Нержавеющая сталь + PVD покрытие,WR30,Аналоговые,False
Casio MTP-1381D-1AVDF,30000,Casio,1 год,Одноцветный браслет,Кварцевый,Минеральное,Нержавеющая сталь,WR50,Аналоговые,False
Casio MTP-V004L-1AUDF,11900,,1 год,Кожаный ремень,Кварцевый,Минеральное,Нержавеющая сталь,WR30,Аналоговые,False
CASIO MTP-1183E-7BDF,29323,Casio,0,,Кварцевый,Минеральное,Нержавеющая сталь,WR30,,False
Q&Q Q860J400Y,18950,Q&Q,1 год,Комбинированный браслет,Кварцевый,Минеральное,Латунь,WR30,Аналоговые,False
Q&Q A150J401Y,28374,Q&Q,1 год,Одноцветный браслет,Кварцевый,Минеральное,Латунь,WR50,Аналоговые,False
Casio MTP-1302D-1A2VDF,19000,Casio,1 год,Одноцветный браслет,Кварцевый,Минеральное,Нержавеющая сталь,WR50,Аналоговые,False
Casio MTP-V004G-9BUDF,22000,,2 года,Одноцветный браслет,Кварцевый,Минеральное,Нержавеющая сталь + PVD покрытие,WR30,Аналоговые,False
Q&Q Q662J305Y,12738,Q&Q,1 год,Кожаный ремень,Кварцевый,Минеральное,Латунь,WR30,Аналоговые,False
Casio MTP-1141G-7BRDF,39681,,1 год,Комбинированный браслет,Кварцевый,Минеральное,Нержавеющая сталь,WR30,Аналоговые,False
Casio F-105W-1ADF,23234,Casio,1 год,Каучуковый ремень,Кварцевый,,Пластик,,Аналоговые,False
Q&Q M124J002Y,21948,Q&Q,1 год,Пластиковые и резиновые ремни,Электронные,Пластиковое,Пластик,WR100,Электронные,True
Casio MTP-1129G-7ARDF,29300,,2 года,Комбинированный браслет,Кварцевый,Минеральное,Нержавеющая сталь,WR30,Аналоговые,False
Q&Q DA54J502Y,38013,Q&Q,1 год,Каучуковый ремень,Кварцевый,Минеральное,Латунь,WR50,Аналоговые,False
